city,companyName,eduLevel,jobName,recruieCount,salary,workingExp
北京,北京百知教育科技有限公司,大专,Python（AI）开发实习生,招22人,6千-1.2万,经验不限
北京,天地阳光通信科技（北京）有限公司,本科,C++音视频高级工程师,招10人,1.5万-3万,3-5年
北京,虎特信息科技(上海)有限公司北京分公司,本科,Python架构师/高级研发工程师,招1人,2.2万-3.2万,5-10年
北京,B馨科技有限公司,本科,python课程设计,招2人,1万-1.5万,1-3年
北京,方正国际软件（北京）有限公司,本科,C++开发工程师,招1人,面议,1-3年
北京,启迪之星(北京)科技企业孵化器有限公司,大专,python（数据分析）,招1人,8千-1万,1-3年
北京,中青才智教育投资(北京)有限公司,大专,Python（人工智能方向）开发实习生,招22人,8千-1.6万,经验不限
北京,北京知呱呱科技服务有限公司,本科,Python高级爬虫工程师,招1人,1.5万-2.5万,3-5年
北京,我爱我家集团,本科,Python开发,招2人,2万-3.5万,5-10年
北京,北京爸爸的选择科技有限公司,本科,python工程师,招7人,1.2万-2.4万,经验不限
北京,北京华信智原教育技术有限公司,大专,Python老师,招1人,1.5万-2万,经验不限
北京,北京北大软件工程股份有限公司,本科,高级JAVA开发,招5人,1.5万-3万,5-10年
北京,北京赛宁网安科技有限公司,本科,中级Python开发工程师,招3人,1.5万-2万,3-5年
北京,我爱我家集团,本科,python开发工程师,招2人,3万-5万,5-10年
北京,包头市包银消费金融股份有限公司,本科,大数据运维(J10182),招1人,1万-2万,3-5年
北京,北京远禾科技有限公司,学历不限,渗透测试工程师,招3人,6千-1万,经验不限
北京,北京简单科技有限公司,本科,Python开发工程师,招3人,1.2万-2.3万,3-5年
北京,北京安码科技有限公司,本科,网络安全产品经理,招1人,2万-4万,5-10年
北京,北京比格大数据有限公司,本科,后端Golang工程师,招3人,1万-2万,1-3年
北京,美利金融,学历不限,数据分析师-风控方向,招1人,1万-2万,1-3年
北京,北京典金球科技有限公司,本科,数据分析 BI,招1人,7千-1万,1-3年
北京,海保人寿保险股份有限公司,本科,运维处理岗,招1人,8千-1.5万,3-5年
北京,北京海德康健信息科技有限公司,本科,高级前端开发工程师,招1人,2万-3万,5-10年
北京,北京益财达科技有限公司,本科,大数据项目架构师、高级开发工程师,招1人,1.5万-2万,5-10年
北京,北京益财达科技有限公司,本科,商业智能BI开发工程师,招2人,1万-2万,5-10年
北京,包头市包银消费金融股份有限公司,本科,数据分析师(J10177),招1人,1万-1.5万,1-3年
北京,乐融多源(北京)科技有限公司,本科,大数据开发工程师,招3人,2万-3万,3-5年
北京,北大青鸟阜成门校区,本科,云计算讲师,招1人,1.5万-2万,3-5年
北京,长沙海格北斗信息技术有限公司,硕士,AI算法工程师,招2人,3万-5万,3-5年
北京,深圳市凡购网络科技有限公司,大专,测试工程师,招1人,1万-1.5万,3-5年
北京,美团点评,本科,自动驾驶高精地图 -工具研发-无人车,招3人,面议,1-3年
北京,北京分享智能系统集成有限公司,本科,高级DBA,招1人,1.5万-2万,3-5年
北京,美团点评,本科,高精地图研发工程师-无人车,招2人,面议,3-5年
北京,应急管理部信息研究院,本科,web前端工程师,招3人,1.5万-2万,3-5年
北京,乔鼎(上海)计算机科技有限公司,本科,web 开发工程师 ,招1人,8千-1万,1-3年
北京,启迪国信科技有限公司,本科,云开发工程师(000941),招1人,1.5万-2万,5-10年
北京,美团点评,本科,NLP算法工程师/专家/研究员,招2人,面议,1-3年
北京,亚联创新科技有限责任公司,本科,Web前端开发工程师(J10598),招3人,1万-1.5万,3-5年
北京,溢迈克斯(北京)商务咨询有限公司,本科,运维总监,招1人,2万-4万,3-5年
北京,美团点评,本科,高级算法工程师,招3人,面议,3-5年
北京,北京爱赋能科技有限公司,本科,系统架构师,招1人,1万-1.5万,5-10年
北京,美团点评,本科,开发-数据开发,招1人,面议,3-5年
北京,北京正义网络传媒有限公司,大专,网络工程师,招1人,8千-1万,1-3年
北京,北京明略软件系统有限公司,学历不限,Java高级工程师(J10139),招2人,2万-3万,经验不限
北京,中央编办事业发展中心(政务和公益机构域名注册管理中心),硕士,系统工程师,招2人,1万-2万,经验不限
北京,北京舜天龙兴信息技术有限公司,本科,算法工程师,招1人,1万-1.5万,3-5年
北京,青松智慧(北京)科技有限公司,本科,高级机器学习研发工程师,招1人,2万-4万,1-3年
北京,美团点评,本科,IaaS-Java技术专家,招2人,面议,3-5年
北京,北京畅享互联科技有限公司,大专,中级java工程师,招2人,1万-1.5万,3-5年
北京,北京迪浩永辉技术有限公司,本科,c++软件工程师,招2人,1万-1.5万,1-3年
北京,北京自如生活资产管理有限公司,本科,测试工程师（高级）,招15人,1.5万-3万,5-10年
北京,北京汇通互联科技有限公司,大专,php开发工程师,招1人,1万-1.5万,3-5年
北京,北京狸米科技有限公司,硕士,AI工程技术经理,招1人,3万-5万,5-10年
北京,英泰伟业信息技术股份有限公司/英泰伟业科技(北京)有限公司,本科,高级图像识别工程师,招2人,2万-3万,3-5年
北京,北京网录科技有限公司,本科,高级软件工程师（Go / C /C++,招1人,2.5万-5万,3-5年
北京,北京网录科技有限公司,本科,高级Go开发工程师,招4人,3万-5万,5-10年
北京,英泰伟业信息技术股份有限公司/英泰伟业科技(北京)有限公司,本科,高级图像处理工程师,招1人,3万-5万,3-5年
北京,博淼生物科技(北京)有限公司,硕士,生物信息分析主管,招1人,1万-1.5万,1-3年
北京,中税鼎信科技有限公司,本科,python研发工程师,招5人,1万-1.5万,3-5年
北京,领聘(北京)企业管理有限公司,大专,招python开发工程师,招1人,1万-2万,经验不限
北京,北京九星惟诚供应链信息技术有限公司,本科,python,招2人,8千-1.2万,1-3年
北京,北京大美天地信息技术有限公司,本科,信息安全工程师,招1人,1万-1.5万,1-3年
北京,北京思能科贸有限公司,本科,IT技术人员-java/php/python,招5人,4千-6千,1-3年
北京,北京多维视通技术有限公司,本科,python开发工程师,招1人,1.5万-2.5万,5-10年
北京,北京创源微致软件有限公司,本科,python后端开发工程师,招5人,1.5万-3万,3-5年
北京,国体智慧体育技术创新中心(北京)有限公司,本科,python数据工程师,招1人,6千-8千,1-3年
北京,北京托普云数据技术有限公司,学历不限,Java/python软件开发实习生,招1人,8千-1万,经验不限
北京,炬牛科技(北京)有限公司,大专,python工程师,招1人,1.2万-1.8万,3-5年
北京,北京华胜天成科技股份有限公司,本科,Python web 开发工程师,招5人,1.5万-2万,3-5年
北京,华信永益(北京)信息技术有限公司,本科,python开发,招3人,2万-3万,5-10年
北京,北京多彩互动广告有限公司,本科,python开发工程师,招1人,1.5万-3万,1-3年
北京,北京布科思科技有限公司,本科,高级python开发工程师（5年后端开发）,招1人,1万-2万,5-10年
北京,北京华信智原教育技术有限公司海淀科技分公司,大专,Python 讲师,招3人,2万-3万,1-3年
北京,炬牛科技(北京)有限公司,学历不限,高级python web 工程师,招1人,1.5万-2万,5-10年
北京,中国广视索福瑞媒介研究有限责任公司,本科,python爬虫工程师,招1人,6千-8千,经验不限
北京,北京网络职业学院,大专,Python 数据分析/人工智能讲师,招1人,1.8万-2.5万,5-10年
北京,B馨科技有限公司,本科,Python课程研发,招1人,1万-1.5万,1-3年
北京,北京畅捷通支付技术有限公司,本科,python开发工程师,招1人,1万-2万,3-5年
北京,北京艾的教育科技股份有限公司,大专,python后端架构师,招1人,2.5万-4万,3-5年
北京,"绫致时装（天津）有限公司/Bestseller Fashion Group (Tianjin) Co.,Ltd",本科,python开发工程师,招1人,面议,5-10年
北京,北京哈工大计算机网络与信息安全技术研究中心,本科,Python工程师,招1人,8千-1.6万,经验不限
北京,北京创新乐知网络技术有限公司,本科,python讲师,招1人,1.5万-3万,3-5年
北京,"绫致时装（天津）有限公司/Bestseller Fashion Group (Tianjin) Co.,Ltd",本科,高级零售系统工程师 （Python工程师）,招1人,面议,5-10年
北京,郑州大咖信息科技有限公司,本科,python工程师,招2人,1万-1.5万,1-3年
北京,南京海翊数据技术有限公司,本科,Python开发,招1人,1万-1.5万,5-10年
北京,北京百乘传媒技术有限公司,本科,高级Python工程师,招1人,2万-4万,3-5年
北京,北京原子钟信息科技有限公司,本科,python开发工程师,招1人,1.5万-2.5万,3-5年
北京,北京辰安科技股份有限公司,本科,软件开发工程师 （Python方向）(001631),招1人,1.5万-2.5万,3-5年
北京,中青才智教育投资(北京)有限公司,大专,JAVA+python智能开发实习生,招22人,8千-1.6万,经验不限
北京,北京金信润天信息技术股份有限公司,本科,python运维开发工程师,招10人,8千-1.5万,5-10年
北京,网云易通(北京)科技有限公司,本科,高级测试工程师,招2人,1万-1.8万,5-10年
北京,网云易通(北京)科技有限公司,本科,web开发工程师,招1人,8千-1.6万,1-3年
北京,北京云和互动信息技术有限公司,硕士,数据分析师,招1人,1.2万-1.8万,1-3年
北京,北京典金球科技有限公司,本科,数据分析专员,招1人,8千-1万,1-3年
北京,启迪国信科技有限公司,本科,存储开发工程师(000940),招1人,2万-3万,5-10年
北京,天弘基金管理有限公司,本科,高级数据仓库工程师,招1人,2万-3万,5-10年
北京,北京中宇万通科技股份有限公司,本科,中高级Linux C/C++研发工程师,招3人,1万-1.5万,1-3年
北京,北京深度视觉科技有限公司,本科,图像算法工程师,招1人,3万-5万,3-5年
北京,易智付科技(北京)有限公司,本科,前端开发工程师,招1人,1.8万-2.5万,5-10年
北京,浪潮集团有限公司,本科,公有云大数据平台高级研发工程师,招3人,2.2万-4.4万,3-5年
北京,麦飞科技,本科,农情调研经理【10023】,招1人,1万-2万,3-5年
北京,智慧互通科技有限公司,本科,高级web前端工程师,招2人,1.5万-2.5万,3-5年
北京,"绫致时装（天津）有限公司/Bestseller Fashion Group (Tianjin) Co.,Ltd",本科,BI Developer-编程能力强,招1人,面议,1-3年
北京,凤凰云祥(北京)信息科技有限公司,本科,产品研发程序员,招1人,8千-1.5万,3-5年
北京,畅捷通信息技术股份有限公司,本科,配置管理,招1人,1.5万-2.5万,3-5年
北京,北京八维研修学院,本科,Linux高级讲师,招1人,1.5万-2万,3-5年
北京,三一智矿科技有限公司,本科,仿真系统工程师 ,招2人,2万-3万,3-5年
北京,北京库克优选信息技术有限公司,大专,sql数据库管理员,招2人,8千-1.2万,1-3年
北京,三一智矿科技有限公司,本科,通讯工程师 （数字化平台边缘计算）,招1人,2万-3万,5-10年
北京,南京高泰科技有限公司,本科, 中间件研发工程师（资深）,招3人,1.5万-2万,3-5年
北京,联通支付有限公司,本科,系统运维工程师,招1人,面议,3-5年
北京,北京信联科汇科技有限公司,本科,Java开发工程师,招5人,1万-2万,1-3年
北京,北醒(北京)光子科技有限公司,本科,高级传感器算法工程师,招1人,1.5万-2万,经验不限
北京,北京奥德塔数据科技有限公司,本科,图像识别算法工程师,招1人,8千-1万,1-3年
北京,新希望金融服务有限公司,本科,DW高级工程师（新希望金服）,招3人,1.5万-2.5万,3-5年
北京,埃森哲(中国)有限公司,大专,[ATCC]Scrum Master敏捷教练,招1人,面议,10年以上
北京,三一智矿科技有限公司,本科,运维工程师,招2人,2万-3万,3-5年
北京,北京新联财通咨询有限公司,本科,大数据抓取工程师,招2人,1.5万-2万,1-3年
北京,埃森哲(中国)有限公司,大专,[ATCC]Cloud Lead,招1人,面议,10年以上
北京,北京联世传奇网络技术有限公司,硕士,数据算法工程师,招2人,1万-1.5万,经验不限
北京,美利金融,本科,高级数据分析师,招1人,1万-2万,3-5年
北京,阳光保险集团股份有限公司,硕士,机器学习算法工程师,招1人,面议,经验不限
北京,互联网域名系统北京市工程研究中心有限公司,本科,技术支持工程师,招1人,1万-1.5万,3-5年
北京,北京新联财通咨询有限公司,本科,数据采集工程师,招2人,1万-1.5万,无经验
北京,北京八维研修学院,硕士,机器学习算法讲师,招2人,2万-4万,1-3年
北京,B馨科技有限公司,本科,少儿编程课程设计老师,招3人,4千-6千,无经验
北京,中电积至(海南)信息技术有限公司北京分公司,本科,C/C++研发工程师(LINUX),招5人,8千-1.6万,1-3年
北京,北京悦优博迈科技有限公司,本科,数据分析师,招1人,1.5万-2.5万,经验不限
北京,畅捷通信息技术股份有限公司,本科,应用运维工程师,招1人,1.8万-3.3万,5-10年
北京,北京辰安科技股份有限公司,本科,GIS数据工程师(001656),招1人,9千-1.4万,1-3年
北京,北京米文动力科技有限公司,本科,Linux 开发工程师,招1人,2万-2.5万,3-5年
北京,北京跃科人才服务有限公司,本科,高级算法工程师 - 路径规划及控制,招1人,3万-5万,3-5年
北京,联通支付有限公司,本科,大数据开发工程师,招1人,面议,3-5年
北京,北京悦优博迈科技有限公司,本科,数据挖掘工程师,招2人,1万-2万,经验不限
北京,北京世熙传媒文化有限公司,本科,新媒体高级运维工程师（急聘）,招1人,1万-1.5万,3-5年
北京,北京辰安科技股份有限公司,本科,数据工程师(001645),招1人,8千-1.5万,3-5年
北京,博奥生物集团有限公司,博士,生物信息研究科学家,招1人,1.5万-2.5万,经验不限
北京,北京互动百科网络技术股份有限公司,本科,java架构师,招1人,2.5万-4万,5-10年
北京,网云易通(北京)科技有限公司,大专,大数据平台运维工程师,招1人,1万-1.5万,1-3年
北京,南京高泰科技有限公司,本科,运维开发工程师,招1人,1.2万-2.2万,3-5年
北京,互联网域名系统北京市工程研究中心有限公司,大专,系统工程师,招1人,1万-1.5万,3-5年
北京,北京智教未来科技有限公司,本科,智能机器人研发工程师,招5人,1.2万-1.8万,3-5年
北京,万方数据股份有限公司,本科,测试工程师-000842,招1人,1万-1.8万,1-3年
北京,北京微聚合信息技术有限公司,大专,Linux NodeJS 高级工程师,招1人,1.5万-2.5万,3-5年
北京,包头市包银消费金融股份有限公司,本科,风险策略岗(J10175),招1人,1.5万-3万,3-5年
北京,北京果壳生物科技有限公司,本科,生物信息工程师,招5人,5千-1万,1-3年
北京,新晨科技股份有限公司,本科,运维工程师（邮储）,招3人,8千-1万,1-3年
北京,北京悦优博迈科技有限公司,本科,机器学习开发工程师,招2人,1.3万-2.5万,1-3年
北京,北京奥德塔数据科技有限公司,本科,NLP算法工程师,招1人,8千-1万,1-3年
北京,互联网域名系统北京市工程研究中心有限公司,本科,c/c++开发工程师,招1人,1.5万-2.5万,1-3年
北京,南京高泰科技有限公司,本科,自动化运维工程师,招1人,1.5万-2.2万,3-5年
北京,北京天眼查科技有限公司,本科,Web前端工程师,招999人,1.5万-2.5万,经验不限
北京,北京爱赋能科技有限公司,本科,软件开发工程师,招1人,6千-8千,1-3年
北京,博奥生物集团有限公司,硕士,生物信息分析师（健康科学研究院）,招1人,1万-1.5万,1年以下
北京,叠云(北京)科技股份有限公司,本科,研发主管,招1人,1.5万-2.5万,5-10年
北京,北京轻松筹网络科技有限公司,本科,数据分析师-JS,招1人,1.5万-3万,3-5年
北京,网云易通(北京)科技有限公司,大专,Hadoop平台维护工程师,招1人,7千-1.4万,1-3年
北京,启迪国信科技有限公司,本科,资深Android开发工程师(001131),招2人,2万-3万,5-10年
北京,北京普盛食品销售有限公司,大专,销售运营专员/销售支持,招1人,5千-1万,1-3年
北京,北京望远传媒有限公司,本科,DMP高级开发工程师,招1人,1.8万-2.5万,3-5年
北京,北京东联世纪科技股份有限公司,本科,系统工程师,招1人,1万-1.5万,3-5年
北京,上海睿民互联网科技有限公司,本科,WEB前端工程师,招3人,6千-1万,1-3年
北京,博奥生物集团有限公司,硕士,人工智能实习生,招2人,4千-6千,经验不限
北京,北京七天德汇教育科技有限公司,硕士,深度学习研究员,招10人,2.5万-5万,3-5年
北京,北京人合创咨询有限公司,大专,猎头顾问,招10人,5千-1万,1-3年
北京,易宝支付有限公司,本科,高级Java开发,招3人,1.3万-2.6万,5-10年
北京,光合新知(北京)科技有限公司,本科,人工智能总监,招1人,5万-7万,5-10年
北京,南京高泰科技有限公司,本科,OpenStack运维工程师,招1人,1万-2万,3-5年
北京,北京智飞坤舆科技有限公司,本科,策略分析专家,招1人,1.5万-3万,1-3年
北京,博奥生物集团有限公司,硕士,人工智能工程师,招1人,1万-1.5万,经验不限
北京,寰宇优才教育科技(北京)有限公司,大专,软件工程师,招16人,8千-1万,经验不限
北京,北京爱狄特信息科技有限公司,本科,Javascript前端工程师,招2人,1.2万-2.4万,3-5年
北京,畅捷通信息技术股份有限公司,本科,运维开发工程师,招1人,1.8万-3.3万,5-10年
北京,南京高泰科技有限公司,本科,devops运维工程师,招1人,1.5万-2万,3-5年
北京,北京天眼查科技有限公司,本科,数据分析专员,招1人,8千-1万,经验不限
北京,南京高泰科技有限公司,本科,Ceph运维工程师（中级）,招1人,1.2万-1.5万,3-5年
北京,北京轻松筹网络科技有限公司,本科,算法工程师-JS,招1人,1.8万-3.6万,3-5年
北京,江苏传智播客教育科技股份有限公司北京分公司,本科,前端研发工程师(J11871),招1人,1.5万-2万,3-5年
北京,北京通付盾数据科技有限公司,本科,测试工程师,招1人,1万-1.5万,3-5年
北京,乐友国际商业集团有限公司,本科,数据分析师,招1人,1万-1.5万,1-3年
北京,"绫致时装（天津）有限公司/Bestseller Fashion Group (Tianjin) Co.,Ltd",本科,算法工程师,招1人,面议,3-5年
北京,北京星衡科技有限公司,本科,算法实习生,招2人,4千-6千,经验不限
北京,互联网域名系统北京市工程研究中心有限公司,本科,RPKI开发工程师,招1人,1.5万-2万,3-5年
北京,北京华通时代科技发展有限公司,大专,数据库工程师,招2人,9千-1.4万,1-3年
北京,北京钱方银通科技有限公司,本科,经营分析师经理,招1人,2.5万-3.5万,5-10年
北京,北京创世诺亚智能科技有限公司,本科,高级软件工程师-全栈开发,招1人,1.5万-2万,3-5年
北京,北京天华星航科技有限公司,本科,openstack开发工程师,招4人,2万-3万,经验不限
北京,北京天码科技有限责任公司,本科,运维工程师,招1人,1万-1.8万,5-10年
北京,厚益云科技发展(北京)有限公司,本科,it运维工程师,招1人,1.5万-2万,5-10年
北京,北京奥技异电气技术研究所有限公司,本科,JAVA高级软件工程师,招3人,1.8万-2.5万,5-10年
北京,南京高泰科技有限公司,本科,初级运维工程师,招1人,8千-1.2万,经验不限
北京,中通天鸿（北京）通信科技股份有限公司,本科,高级语音系统运维工程师,招1人,1.5万-2万,1-3年
北京,长安责任保险股份有限公司,本科,主机管理岗,招1人,1万-2万,3-5年
北京,美团点评,本科,美团外卖-高级算法开发工程师,招1人,面议,1-3年
北京,海保人寿保险股份有限公司,本科,软件开发工程师,招1人,1万-2万,5-10年
北京,智慧互通科技有限公司,博士,图像算法科学家,招1人,3万-5万,1-3年
北京,北京康众时代医学研究发展有限公司,硕士,临床研究医学经理,招1人,1.5万-2万,3-5年
北京,北京弈友围棋文化传播有限责任公司,大专,后端研发工程师,招1人,1.3万-1.5万,1-3年
北京,广道高新（北京）科技有限公司,本科,运维工程师,招1人,8千-1万,1-3年
北京,普天信息技术有限公司,本科,数据分析研发工程师（JAVA）,招1人,1万-1.5万,3-5年
北京,北京弈友围棋文化传播有限责任公司,大专,系统研发工程师,招1人,1.3万-1.5万,1-3年
北京,北京易天新动网络科技有限公司,本科,数据分析师,招1人,1.5万-2.5万,1-3年
北京,中邮创业基金管理股份有限公司,本科,高级前端开发工程师,招2人,1.5万-2.5万,5-10年
北京,北京众星智能科技有限责任公司,本科,高级导航算法工程师,招1人,1万-1.5万,3-5年
北京,北京燕京电子有限公司,硕士,仪器应用工程师,招2人,1万-1.5万,经验不限
北京,博彦科技(深圳)有限公司,大专,测试工程师,招3人,1.5万-2万,5-10年
北京,中青才智教育投资(北京)有限公司,大专,java初级开发工程师,招22人,6千-1.2万,经验不限
北京,"绫致时装（天津）有限公司/Bestseller Fashion Group (Tianjin) Co.,Ltd",本科,BI Developer-数据挖掘背景,招1人,面议,1-3年
北京,埃森哲(中国)有限公司,大专,[ATCC]Big Data Architect咨询顾问,招1人,面议,10年以上
北京,北京鉴衡认证中心有限公司,本科,光伏研发工程师,招1人,8千-1.5万,经验不限
北京,"绫致时装（天津）有限公司/Bestseller Fashion Group (Tianjin) Co.,Ltd",本科,BI Developer-英语口语好,招1人,面议,1-3年
北京,北京捷通华声科技股份有限公司,本科,web前端高级开发工程师,招1人,1.5万-2.5万,3-5年
北京,网舟联合科技（北京）有限公司,本科,java开发工程师,招2人,1万-1.5万,3-5年
北京,慧泽商通(北京)科技有限公司,本科,架构师,招1人,2.5万-4万,5-10年
北京,北京捷通华声科技股份有限公司,本科,高级C++开发工程师(灵云 SDK),招5人,1.5万-3万,3-5年
北京,北京财经专修学院,本科,大数据工程师/讲师/培训师,招2人,2万-3万,5-10年
北京,中体彩科技发展有限公司,本科,架构师（应用运维）,招2人,3万-3.5万,5-10年
北京,北京新致君阳信息技术有限公司,本科,高级软件工程师-NS2,招2人,1.5万-2.5万,5-10年
北京,北京教书匠教育咨询有限公司,本科,WEB前端开发工程师（高薪有前途）,招5人,1万-2万,3-5年
北京,北京梆梆安全科技有限公司,本科,前端高级开发工程师（北京）,招1人,2万-3万,5-10年
北京,广州海浦投资有限公司,本科,量化系统工程师,招10人,1.5万-3万,1-3年
北京,中通天鸿（北京）通信科技股份有限公司,本科,高级Devops开发工程师,招1人,1.5万-2万,1-3年
北京,北京清果金融信息服务有限公司,本科,运维经理,招1人,2万-3万,5-10年
北京,中电科技(北京)有限公司,本科,自动化测试工程师,招2人,1万-1.5万,3-5年
北京,中通天鸿（北京）通信科技股份有限公司,本科,devops开发工程师,招1人,1万-1.5万,3-5年
北京,博彦科技(深圳)有限公司,大专,移动测试,招2人,1.5万-2万,5-10年
北京,北京法伯宏业科技发展有限公司,本科,统计分析师,招1人,1万-1.5万,3-5年
北京,北京朗迪锋科技有限公司,本科,三维软件开发工程师,招1人,2.5万-3.5万,经验不限
北京,北京语知科技有限公司,本科,自然语言算法工程师,招3人,1.5万-2万,1-3年
北京,藤门国际教育咨询(北京)有限公司,大专,乐高机器人教师,招1人,8千-1万,1-3年
北京,南京高泰科技有限公司,本科,一线运维工程师（中级）,招1人,1.2万-1.5万,3-5年
北京,北京跃科人才服务有限公司,本科,后端开发工程师,招1人,2万-3万,3-5年
北京,启迪公交(北京)科技股份有限公司,本科,系统运维经理,招1人,2万-3万,3-5年
北京,南京高泰科技有限公司,本科,故障处理运维工程师（中级/高级）,招1人,1.2万-2.2万,3-5年
北京,天九共享控股集团,本科,大数据研发总监,招1人,2万-3万,5-10年
北京,南京高泰科技有限公司,本科,运维工程师（中级/高级）,招1人,1.2万-2.2万,3-5年
北京,"绫致时装（天津）有限公司/Bestseller Fashion Group (Tianjin) Co.,Ltd",本科,Retail System Engineer ,招1人,面议,1-3年
北京,北京七天德汇教育科技有限公司,本科,golang工程师,招2人,1.5万-3万,3-5年
北京,北京新联财通咨询有限公司,本科,大数据开发工程师,招1人,1万-1.5万,3-5年
北京,北京翼辉信息技术有限公司,本科,自动化测试开发工程师,招1人,8千-1.2万,经验不限
北京,北京首金中小微企业金融服务有限公司,本科,资金端测试工程师,招1人,1.5万-2万,3-5年
北京,北京运车网网络科技有限公司,本科,测试工程师,招3人,8千-1.5万,3-5年
北京,飞越东方国际教育咨询(北京)有限公司,本科,海外 软件工程师 （美国）,招5人,2万-3万,经验不限
北京,北京蜂鸟视图科技有限公司,学历不限,前端开发工程师（React栈）,招2人,1.5万-2.5万,5-10年
北京,"绫致时装（天津）有限公司/Bestseller Fashion Group (Tianjin) Co.,Ltd",本科,Wintel 系统运维工程师,招1人,面议,3-5年
北京,"绫致时装（天津）有限公司/Bestseller Fashion Group (Tianjin) Co.,Ltd",本科,运维开发工程师-自动化运维方向,招1人,面议,3-5年
北京,博彦科技(深圳)有限公司,大专,Devops开发工程师,招1人,1.5万-2万,5-10年
北京,北京王视界文化传媒有限公司,中专,特效师,招2人,6千-8千,1-3年
北京,韦博网讯科技(北京)有限公司,本科,PHP高级工程师PHP Senior Engineer,招1人,1.5万-2万,5-10年
北京,未来电视有限公司,本科,大数据工程师,招2人,2万-2.5万,5-10年
北京,三一智矿科技有限公司,本科,测试工程师,招2人,2万-3万,3-5年
北京,启迪公交(北京)科技股份有限公司,本科,高级 Web 开发工程师,招1人,2万-2.5万,3-5年
北京,北京通付盾数据科技有限公司,本科,建模工程师,招1人,1.5万-3万,3-5年
北京,北京银信长远科技股份有限公司,本科,oracle运维工程师（驻金宝街）,招1人,1.5万-2万,5-10年
北京,北京中科金财科技股份有限公司,本科,zabbix运维工程师,招1人,1万-1.5万,3-5年
北京,北京通付盾数据科技有限公司,本科,数据仓库,招1人,1.5万-2万,3-5年
北京,苏州美生元信息科技有限公司北京分公司,大专,游戏运维工程师,招1人,1万-1.5万,3-5年
北京,北京北航天华时代科技有限公司,本科,高级测试工程师,招2人,8千-1.5万,3-5年
北京,北京上格云技术有限公司,本科,算法工程师实习生,招1人,4千-6千,无经验
北京,北京米文动力科技有限公司,本科,机器人工程师,招1人,1万-2万,3-5年
北京,北京米文动力科技有限公司,本科,Linux算法工程师,招1人,1.5万-3万,1-3年
北京,北京意锐新创科技有限公司,本科,嵌入式软件工程师,招3人,2.5万-3.5万,5-10年
北京,天津紫龙奇点互动娱乐有限公司北京办事处,大专,高级系统工程师,招1人,1.5万-2.5万,3-5年
北京,智慧互通科技有限公司,本科,高级数据仓库工程师,招1人,2万-3.5万,3-5年
北京,普天信息技术有限公司,本科,初级数据工程师（Java方向）,招1人,6千-8千,1-3年
北京,山西易联支付数据处理有限公司,本科,中高级测试工程师,招10人,1.6万-2.2万,3-5年
北京,北京上格云技术有限公司,本科,算法工程师,招1人,1.5万-2万,1-3年
北京,北京金信润天信息技术股份有限公司,本科,安全运维工程师,招3人,8千-1.5万,5-10年
北京,同方鼎欣科技股份有限公司,本科,linux运维,招5人,1万-1.4万,3-5年
北京,广东道一信息技术股份有限公司,大专,运维工程师-北京-事业三部,招1人,1.2万-1.8万,3-5年
北京,天创信用服务有限公司,本科,数据挖掘工程师（数据产品开发及建模方向）,招3人,1.5万-3万,1-3年
北京,天创信用服务有限公司,硕士,风控建模专家,招3人,1.5万-2万,1-3年
北京,天创信用服务有限公司,本科,数据分析师,招2人,1.5万-2万,1-3年
北京,北京银信长远科技股份有限公司,本科,初级实施工程师,招2人,4千-6千,1年以下
北京,北京银信长远科技股份有限公司,本科,web前端工程师,招1人,1.3万-1.8万,3-5年
北京,北京高因科技有限公司,本科,架构师（PHP）,招1人,2.5万-3.5万,5-10年
北京,北京浩然五洲软件技术有限公司,大专,测试开发工程师,招2人,1万-1.5万,3-5年
北京,巨掌互动科技(北京)有限公司,大专,dba工程师（中高级）,招1人,1万-2万,3-5年
北京,北京云舒写教育科技有限公司,本科,java开发工程师,招3人,1万-1.5万,1-3年
北京,北京远光瑞为软件技术有限公司,本科,C#开发工程师,招5人,8千-1万,1-3年
北京,中城泰信(苏州)科技发展股份有限公司,大专,.net开发工程师,招2人,8千-1.5万,1-3年
北京,北京华源格林科技有限公司,大专,Java高级开发工程师,招5人,1万-1.5万,3-5年
北京,中国恩菲工程技术有限公司,本科,WEB后端工程师,招2人,1万-1.2万,3-5年
北京,北京格蒂智能科技有限公司,本科,前端研发工程师,招1人,3万-4万,5-10年
北京,江信基金管理有限公司,本科,it运维,招3人,8千-1万,1-3年
北京,中电华瑞技术有限公司,本科,软件测试工程师,招1人,5千-1万,3-5年
北京,通号(北京)招标有限公司,本科,服务器运维工程师,招1人,8千-1万,1-3年
北京,中视士德数据科技(北京)有限公司,本科,高级运维工程师,招2人,1.5万-2万,1-3年
北京,开网科技(北京)有限公司,学历不限,中间件研发工程师（急招）,招3人,1.5万-2万,3-5年
北京,北京成众志科技有限公司,本科,产品架构师,招1人,2万-4万,5-10年
北京,北京释码大华科技有限公司,硕士,算法工程师,招2人,1.5万-3万,经验不限
北京,北京锦鸿希电信息技术股份有限公司,本科,Linux C/C++软件工程师,招1人,1万-1.5万,1-3年
北京,北京比特智慧科技有限公司,本科,数据挖掘工程师,招1人,1万-1.5万,1-3年
北京,民生电商控股(深圳)有限公司,本科,数据建模分析师,招1人,1.8万-2.8万,3-5年
北京,北京艾力泰尔信息技术股份有限公司,本科,中级Web前端,招1人,8千-1.2万,1-3年
北京,中标软件有限公司,本科,Linux系统研发工程师,招1人,8千-1万,1-3年
北京,北京博智数源科技股份有限公司,本科,高级数据分析师,招6人,1.5万-2.5万,5-10年
北京,陕西万德信息科技股份有限公司,本科,java开发工程师,招10人,8千-1万,3-5年
北京,杭州华创信通软件技术有限公司,本科,前端（高级）工程师,招3人,1.5万-2万,3-5年
北京,北京畅捷通支付技术有限公司,本科,高级量化分析师,招1人,2万-3万,5-10年
北京,北京昆仑卓越信息技术有限公司,本科,安全评估工程师,招1人,1.5万-2.5万,3-5年
北京,北京得易金融信息服务有限公司,本科,运维工程师,招1人,1万-1.5万,3-5年
北京,北京沃数媒广告有限公司,本科,数据挖掘工程师,招1人,1万-1.5万,1-3年
北京,北京海兰信数据科技股份有限公司,本科,系统测试工程师,招1人,8千-1.5万,1-3年
北京,Esri中国信息技术有限公司,硕士,ArcGIS影像产品工程师,招2人,1.5万-2万,3-5年
北京,北京松鼠山科技有限公司,硕士,算法工程师,招1人,2万-3万,经验不限
北京,中影环球(北京)科技有限公司,本科,高级软件测试工程师,招1人,1.2万-2.2万,经验不限
北京,北京中科江南信息技术股份有限公司,本科,OCR产品开发工程师,招1人,2万-3万,1-3年
北京,中国国际电子商务中心,本科,数据分析师（自然语言处理和生成方向）,招2人,6千-1.2万,经验不限
北京,中影环球(北京)科技有限公司,本科,高级测试工程师,招1人,1万-2万,3-5年
北京,北京银商融信支付技术股份有限公司,本科,爬虫工程师,招1人,2万-4万,3-5年
北京,任子行网络技术股份有限公司北京分公司,硕士,图像处理经理,招1人,2万-3万,经验不限
北京,北京捷通华声科技股份有限公司,本科,运维工程师,招2人,1万-2万,3-5年
北京,北京熙诚紫光科技有限公司,本科,算法模型岗,招1人,8千-1.5万,1-3年
北京,北京大账房信息技术有限公司,大专,测试实习生,招1人,1.6千-3千,无经验
北京,Esri中国信息技术有限公司,本科,水利行业高级咨询顾问,招1人,1.5万-2.5万,3-5年
北京,北京普开数据技术有限公司,大专,web前端,招1人,1.5万-2万,3-5年
北京,北京跃科人才服务有限公司,本科,算法工程师/专家-某上市互联网高科技公司,招1人,3万-5万,3-5年
北京,北京致医健康信息技术有限公司,本科,高级运维工程师,招1人,1.5万-1.8万,5-10年
北京,民生电商控股(深圳)有限公司,本科,风控经理,招1人,1万-2万,3-5年
北京,智度科技股份有限公司,本科,风控建模工程师,招1人,1.5万-2万,3-5年
北京,北京普开数据技术有限公司,大专,web前端工程师,招1人,1.5万-2万,5-10年
北京,麦飞科技,硕士,遥感技术工程师【10006】,招3人,9千-1.8万,1-3年
北京,北京数字政通科技股份有限公司,本科,软件项目实施经理,招1人,1万-2万,3-5年
北京,新奥集团股份有限公司,本科,算法工程师,招1人,2万-3万,5-10年
北京,北京海兰信数据科技股份有限公司,本科,算法工程师,招1人,1.5万-2.5万,3-5年
北京,Ericsson/爱立信,本科,Java Developer,招3人,2万-3万,经验不限
北京,阳光软件株式会社,大专,赴日软件工程师,招10人,3万-6万,经验不限
北京,新奥集团股份有限公司,本科,数据工程师,招1人,2万-3万,5-10年
北京,北京航友信息技术有限公司,本科,大数据开发工程师,招1人,1万-1.5万,3-5年
北京,北京德润兴业科技开发有限公司,学历不限,高级java开发工程师,招10人,1.5万-2万,经验不限
北京,北京东联世纪科技股份有限公司,本科,测试工程师,招1人,1万-1.5万,3-5年
北京,同方鼎欣科技股份有限公司,大专,linux c（中国移动）,招1人,1万-1.2万,1-3年
北京,亚洲红马投资集团有限公司,本科,区块链架构师,招1人,2.5万-3.5万,5-10年
北京,和利时集团,本科,软件系统架构师,招1人,2万-3万,5-10年
北京,互联网域名系统北京市工程研究中心有限公司,本科,自动化测试工程师,招1人,1.5万-2万,3-5年
北京,北京健联医疗科技有限公司,本科,核磁共振软件工程师,招3人,1.5万-2万,3-5年
北京,互联网域名系统北京市工程研究中心有限公司,本科,前端开发工程师,招1人,1.5万-2万,3-5年
北京,中国招标公共服务平台有限公司,本科,数据库运维工程师,招1人,1万-2万,5-10年
北京,民生电商控股(深圳)有限公司,本科,高级运维工程师,招1人,1万-1.5万,3-5年
北京,任子行网络技术股份有限公司北京分公司,本科,功能测试工程师--910,招3人,1万-1.5万,3-5年
北京,任子行网络技术股份有限公司北京分公司,本科,爬虫测试工程师--938,招1人,1万-1.5万,经验不限
北京,紫博蓝网络科技(北京)股份有限公司,本科,后端工程师,招1人,2万-3万,3-5年
北京,北京华兴宏视技术发展有限公司,本科,软件工程师,招2人,1万-1.5万,1-3年
北京,北京东方国信科技股份有限公司,本科,高级网络工程师(2049),招1人,2万-2.5万,5-10年
北京,中电科技(北京)有限公司,本科,软件测试工程师,招5人,1万-1.5万,3-5年
北京,弗锐思(北京)动漫科技有限公司,本科,高级软件工程师-Linux C++方向,招1人,2万-4万,5-10年
北京,广州实地房地产开发有限公司,本科,计算机视觉专家,招1人,2.5万-5万,3-5年
北京,北京木牛领航科技有限公司,本科,上位机开发,招1人,1.5万-2万,3-5年
北京,任子行网络技术股份有限公司北京分公司,本科,性能测试工程师--00912,招3人,8千-1.5万,1-3年
北京,北京梧桐木管理咨询有限公司,本科,Linux开发工程师,招5人,2万-4万,3-5年
北京,飞越东方国际教育咨询(北京)有限公司,本科,海外 LINUX编程工程师（美国）,招5人,2万-3万,经验不限
北京,三一智矿科技有限公司,本科,算法工程师（决策系统方向）,招1人,2万-3万,3-5年
北京,畅捷通信息技术股份有限公司,本科,大数据工程师,招1人,2万-3万,3-5年
北京,北京独创时代科技有限公司,本科,信息安全工程师,招1人,1万-1.5万,1-3年
北京,畅捷通信息技术股份有限公司,本科,算法工程师,招1人,1万-1.5万,1-3年
北京,清华大学微电子学研究所,本科,人工智能开发工程师,招1人,1.5万-2万,经验不限
北京,北京唯泰立管理咨询有限公司,本科,web前端开发（javascript),招1人,2万-4万,5-10年
北京,中铁信安(北京)信息安全技术有限公司,本科,系统开发高级工程师―Y7,招2人,1.4万-2.1万,3-5年
北京,北京鑫汇普瑞科技发展有限公司,本科,软件工程师,招1人,8千-1.6万,3-5年
北京,北京格蒂智能科技有限公司,本科,数据库容器研发工程师,招2人,4万-5万,5-10年
北京,北京航天绘景科技有限公司,本科,遥感开发工程师,招2人,8千-1.5万,经验不限
北京,天曦网络科技(北京)有限公司,本科,技术支持,招1人,1.5万-2万,3-5年
北京,四达时代集团,本科,DevOps高级开发工程师,招1人,2万-3万,3-5年
北京,北京星云医学检验实验室有限公司,本科,生物信息主管,招1人,1.5万-2万,3-5年
北京,启迪公交(北京)科技股份有限公司,本科,高级数据工程师,招4人,2万-3万,3-5年
北京,北京深思数盾科技股份有限公司,本科,linux运维工程师,招1人,8千-1.5万,1-3年
北京,智凌云科技(北京)有限公司,本科,电子研发工程师,招1人,4千-8千,经验不限
北京,北京英诺德教育咨询有限公司,大专,BI工程师,招1人,1万-1.5万,1-3年
北京,北京发明家教育科技有限公司,本科,少儿编程教育老师STEAM教学,招2人,5千-1万,经验不限
北京,北京阿波罗世纪信息技术有限公司,本科,高级/软件测试主管,招1人,1.5万-2.5万,5-10年
北京,上海中清龙图网络科技有限公司北京分公司,本科, Java 开发工程师-北京-04657,招1人,1.5万-2万,1-3年
北京,北京中汽院科技有限公司,本科,无人车传感器融合工程师,招1人,7千-1.4万,1-3年
北京,中标软件有限公司,大专,Linux高级技术支持工程师,招3人,8.5千-1.7万,3-5年
北京,北京测试空间信息技术有限公司,大专,测试工程师,招1人,1万-1.5万,3-5年
北京,北京华信智原教育技术有限公司海淀科技分公司,大专,大数据spark讲师,招3人,1.8万-3万,3-5年
北京,环球时报在线(北京)文化传播有限公司,本科,PHP开发工程师,招1人,1.2万-2万,1-3年
北京,中智职业发展有限公司,本科,百度大数据研发实习生,招5人,1.4千-2.5千,经验不限
北京,北京浩天桢伟科技有限公司,本科,高级测试工程师,招1人,1.5万-2万,5-10年
北京,北京汉雅天诚教育科技有限公司,本科,测试工程师,招3人,6千-8千,1-3年
北京,中国恩菲工程技术有限公司,本科,后端开发工程师 （智能有色冶炼）,招1人,1万-2万,3-5年
北京,民生电商控股(深圳)有限公司,本科,风险经理,招1人,1.5万-2万,3-5年
北京,北京慧智康健医药科技有限公司,本科,统计程序员,招5人,5千-1万,经验不限
北京,北京酷车易美网络科技有限公司,大专,测试开发工程师,招3人,8千-1.3万,3-5年
北京,大连金思通科技有限公司,大专,JAVA工程师高薪职位,招5人,2万-4万,经验不限
北京,科技日报社,本科,80Web app 前端开发工程师,招1人,1.5万-2万,3-5年
北京,北京东方融创信息技术有限公司,本科,自动化测试,招3人,1万-1.5万,1-3年
北京,北京融汇金信信息技术有限公司,本科,量化开发工程师,招1人,1.5万-2万,3-5年
北京,北京鑫汇普瑞科技发展有限公司,大专,生物信息分析工程师,招1人,8千-1万,1-3年
北京,天云融创数据科技(北京)有限公司,本科,web前端工程师,招1人,1.5万-2万,1-3年
北京,北京飞博教育科技股份有限公司,本科,高级后端开发工程师,招1人,1.5万-2.5万,3-5年
北京,天津易客满国际物流有限公司,本科,BI开发工程师(顺义区),招1人,1.4万-1.6万,1-3年
北京,北京锦鸿希电信息技术股份有限公司,本科,Linux C/C++软件工程师 (三）,招1人,1万-1.5万,3-5年
北京,国科元科技(北京)有限公司,硕士,知识图谱实习生(2019年应届硕士),招1人,2千-4千,经验不限
北京,爱多邦(北京)信息技术服务有限公司,本科,运维工程师,招1人,1.5万-1.8万,5-10年
北京,国电联合动力技术有限公司,学历不限,数据分析与仿真工程师,招2人,2万-3万,3-5年
北京,百融金融信息服务股份有限公司,本科,数据开发工程师,招1人,1.5万-3万,1-3年
北京,北京中科建友科技股份有限公司,本科,中级算法工程师外驻京东方-xs,招2人,1.3万-1.8万,5-10年
北京,北京航天宏图信息技术股份有限公司,本科,大数据开发工程师,招1人,1万-1.5万,3-5年
北京,上海拓合软件系统有限公司,大专,测试工程师,招3人,8千-1.3万,1-3年
北京,北京网拓时代科技有限公司,本科,网络爬虫讲师,招8人,3万-4万,10年以上
北京,中电数据服务有限公司,本科,高级大数据开发,招2人,1.5万-3万,5-10年
北京,北京网拓时代科技有限公司,本科,机器学习讲师,招8人,3万-4万,10年以上
北京,开网科技(北京)有限公司,大专,中间件研发工程师,招1人,1.3万-1.8万,3-5年
北京,海南新软软件有限公司北京分公司,本科,高级数据工程师,招1人,2万-3万,3-5年
北京,北京盛学成长科技有限公司,本科,高级java开发工程师-技术研究方向,招1人,1.5万-2万,5-10年
北京,贝恩讯谱光电科技(北京)股份有限公司,本科,设备软件工程师,招1人,1万-2万,1-3年
北京,Esri中国信息技术有限公司,硕士,ArcGIS服务器产品工程师,招1人,1.5万-2万,3-5年
北京,日照志芯源电子科技有限公司,本科,数字电路设计高级工程师/经理,招1人,2.5万-5万,3-5年
北京,北京观其互动科技有限公司,本科,UI自动化测试,招1人,1万-1.6万,3-5年
北京,威海北洋电气集团股份有限公司,本科,算法工程师,招3人,1.5万-2.5万,3-5年
北京,北京十一贝科技有限公司,本科,测试开发工程师,招1人,2万-3万,1-3年
北京,四达时代集团,本科,高级运维开发工程师,招2人,1.5万-2.5万,3-5年
北京,大连金思通科技有限公司,大专,开发工程师高薪职位,招5人,2万-4万,经验不限
北京,北京源圆基因技术有限公司,本科,原生云/运维开发/Cloud-Native / DevOps ,招1人,1.5万-3万,5-10年
北京,北京停简单信息技术有限公司,本科,运维工程师（Linux）,招1人,1.5万-2万,3-5年
北京,北京图云易像科技发展有限公司,本科,爬虫高级开发工程师,招10人,1.5万-2万,5-10年
北京,北京腾云天下科技有限公司,本科,模型算法工程师(J10266),招1人,2万-4万,5-10年
北京,北京锦鸿希电信息技术股份有限公司,本科,linux C/C++软件工程师（二）,招1人,1万-1.5万,1-3年
北京,北京中汽院科技有限公司,本科,无人车深度学习算法工程师,招1人,7千-1.4万,1-3年
北京,北京声智科技有限公司,本科,语音信号处理算法工程师,招1人,2.5万-5万,经验不限
北京,北京雪扬科技有限公司,本科,数据挖掘/数据分析工程师,招1人,1.5万-2万,3-5年
北京,融讯伟业(北京)科技有限公司,硕士,图像识别算法工程师,招2人,2万-3万,1-3年
北京,盈科美辰国际旅行社有限公司,本科,运维工程师,招1人,1.2万-2万,3-5年
北京,北京瑞萨斯科技有限公司,本科,Java后端工程师,招1人,1.2万-2万,3-5年
北京,北京游道易网络文化有限公司,本科,运维工程师,招1人,1.2万-1.8万,3-5年
北京,Esri中国信息技术有限公司,硕士,ArcGIS数据科学产品工程师,招1人,1.5万-2万,3-5年
北京,北京显芯科技有限公司,本科,韩语FAE工程师,招1人,1万-2万,1-3年
北京,民生电商控股(深圳)有限公司,本科,高级风险经理,招1人,1万-2万,3-5年
北京,北京大华无线电仪器有限责任公司,本科,嵌入式白盒测试工程师,招1人,1万-1.4万,3-5年
北京,星旅数金(北京)科技有限公司,本科,中级java工程师,招1人,2万-3万,1-3年
北京,北京舜鑫网络科技有限公司,大专,测试工程师,招2人,8千-1.2万,1-3年
北京,Esri中国信息技术有限公司,本科,农业行业高级咨询顾问,招1人,1.5万-2.5万,3-5年
北京,北京泰立鑫科技有限公司,本科,window 研发工程师,招3人,1.8万-2.5万,3-5年
北京,科技日报社,本科,数据采集工程师,招1人,1万-1.5万,3-5年
北京,同方鼎欣科技股份有限公司,本科,高级质量保障工程师（测试方向）,招1人,1.3万-1.5万,3-5年
北京,天津金融资产交易所有限责任公司,硕士,高级风控经理,招1人,2万-4万,5-10年
北京,亚洲红马投资集团有限公司,本科,区块链高级工程师,招1人,1.5万-2.5万,3-5年
北京,北京中科远传科技有限公司,本科,java开发工程师,招1人,1万-2万,1-3年
北京,上海阅客信息科技有限公司,本科,运维经理,招1人,2.5万-3.5万,5-10年
北京,开网科技(北京)有限公司,学历不限,中间件研发工程师,招3人,1.5万-2万,3-5年
北京,成都卫士通信息产业股份有限公司北京分公司,学历不限,渗透测试工程师,招10人,1.5万-2万,经验不限
北京,上海仁东医学检验所有限公司,本科,高级生物信息工程师,招1人,1.5万-2.5万,1-3年
北京,北京和鸿盈科技术有限公司,大专,Linux主机维护/虚拟化运维工程师,招1人,8千-1万,5-10年
北京,威海北洋电气集团股份有限公司,本科,后端开发,招2人,1.5万-2.5万,3-5年
北京,北醒(北京)光子科技有限公司,硕士,算法工程师,招1人,1.5万-2万,1-3年
北京,北京优思安科技有限公司,大专,软件测试讲师,招1人,1万-1.5万,3-5年
北京,北京畅捷通支付技术有限公司,本科,数据建模与分析员,招1人,1万-1.5万,3-5年
北京,北京意锐新创科技有限公司,本科,图像算法工程师,招1人,2万-3万,3-5年
北京,北京码牛科技有限公司,本科,数据分析师实习生,招1人,4千-8千,经验不限
北京,北京汇智凌云软件技术有限公司山东分公司,学历不限,linux运维,招1人,7千-1.3万,1-3年
北京,北京华智得企业管理咨询有限责任公司,本科,金融量化工程师,招1人,1.6万-3万,3-5年
北京,北京伟瑞迪科技有限公司,本科,系统运维工程师,招2人,8千-1万,1-3年
北京,北京赛宁网安科技有限公司,本科,信息安全工程师,招1人,1.5万-2万,经验不限
北京,北京悠扬互动科技有限公司,大专,技术经理,招1人,2.5万-3万,3-5年
北京,北京煜能电气有限公司,本科,研发工程师,招1人,1万-1.5万,3-5年
北京,北醒(北京)光子科技有限公司,硕士,算法实习生（数据处理仿真方向）,招1人,2千-4千,无经验
北京,云付通征信有限公司,本科,运维工程师,招1人,1万-1.5万,3-5年
北京,北京融汇金信信息技术有限公司,本科,测试工程师,招1人,1万-1.5万,3-5年
北京,北京浩然五洲软件技术有限公司,大专,测试工程师（万卡）,招1人,1万-1.5万,1-3年
北京,t望中态(北京)文化发展有限公司,本科,运维工程师,招1人,1.5万-1.8万,10年以上
北京,北京大凯科技有限责任公司,本科,软件开发工程师（需长期驻日本）,招10人,1.5万-3万,1-3年
北京,天云融创数据科技(北京)有限公司,学历不限,机器学习工程师,招1人,2万-3万,经验不限
北京,北京赛尔汇力安全科技有限公司,本科,网络安全高级工程师,招5人,2.5万-3万,10年以上
北京,中科星图股份有限公司,硕士,Linux平台开发工程师,招3人,1.8万-2.3万,3-5年
北京,北京中科建友科技股份有限公司,本科,算法工程师-zh,招5人,1.5万-2万,3-5年
北京,阳光保险集团股份有限公司,硕士,语音工程师,招1人,面议,经验不限
北京,瑞幸咖啡,本科,算法实习生,招10人,3千-5千,经验不限
北京,瑞幸咖啡,本科,devops高级研发工程师,招1人,2万-3万,3-5年
北京,瑞幸咖啡,本科,数据分析师,招1人,2.5万-3.5万,3-5年
北京,北京简单科技有限公司,本科,中级后端开发工程师,招3人,1万-2万,3-5年
北京,北京简单科技有限公司,本科,后端开发工程师（NodeJS）,招2人,1.5万-3万,3-5年
北京,天津艾网科技有限公司,大专,应用工程师,招1人,6千-8千,3-5年
北京,北京网拓时代科技有限公司,本科,自然语言处理讲师,招8人,3万-4万,10年以上
北京,北京中公教育科技有限公司,本科,测试工程师（网校）,招1人,1.5万-2.5万,3-5年
北京,北京网拓时代科技有限公司,本科,数据挖掘讲师,招8人,3万-4万,10年以上
北京,北京网拓时代科技有限公司,本科,大数据后端开发讲师,招8人,3万-4万,10年以上
北京,北京网拓时代科技有限公司,本科,计算机视觉讲师,招8人,3万-4万,10年以上
北京,天津艾网科技有限公司,大专,实施工程师,招1人,6千-8千,3-5年
北京,北京中科建友科技股份有限公司,本科,算法工程师,招4人,1.5万-2万,5-10年
北京,恒通佳兆(北京)技术咨询有限公司,本科,数据管理主管,招1人,8千-1万,3-5年
北京,北京网拓时代科技有限公司,本科,深度学习讲师,招8人,3万-4万,10年以上
北京,北京黑弓文化传播有限公司,本科,Maya绑定师,招1人,6千-1.2万,1-3年
北京,会找房(北京)网络技术有限公司,本科,NLP算法工程师,招1人,5万-7万,5-10年
北京,北京中科建友科技股份有限公司,本科,算法工程师-zh,招5人,1.5万-2万,3-5年
北京,北京中科建友科技股份有限公司,本科,算法工程师-cyn,招3人,1.5万-2万,3-5年
北京,北京融汇金信信息技术有限公司,本科,自然语言处理(NLP)工程师,招5人,10万-15万,1-3年
北京,四达时代集团,本科,售后技术支持工程师（运维技术工程师）,招1人,1.8万-2.3万,3-5年
北京,天云融创数据科技(北京)有限公司,本科,AI咨询/产品经理(偏咨询和产品),招1人,2万-3万,1-3年
北京,北京普惠职道科技发展有限责任公司,大专,大数据运维工程师,招1人,1万-2万,3-5年
北京,北京简单科技有限公司,本科,运维开发工程师,招1人,1万-1.5万,1-3年
北京,北京国联众泰科技有限公司,本科,算法工程师,招1人,2万-4万,1-3年
北京,北京桂花网科技有限公司,本科,高级资深软件测试工程师,招5人,1.5万-2万,5-10年
北京,天云融创数据科技(北京)有限公司,本科,大数据开发工程师,招6人,1.5万-2万,1-3年
北京,四达时代集团,本科,运维开发工程师,招2人,1.5万-2万,5-10年
北京,北京浩然五洲软件技术有限公司,大专,测试（网贷系统）,招1人,1.5万-2万,3-5年
北京,北京高因科技有限公司,学历不限,PHP 高级开发工程师/架构师,招1人,2.5万-3.5万,5-10年
北京,重庆誉存大数据科技有限公司,本科,数据模型分析师（信用风险分析）,招2人,1.2万-2.4万,3-5年
北京,北京悦己视觉文化传媒有限公司,大专,运维工程师,招1人,8千-1.5万,3-5年
北京,中影环球(北京)科技有限公司,本科,高级研发工程师,招1人,1.5万-2万,3-5年
北京,中电华瑞技术有限公司,本科,信号处理工程师,招2人,1万-2万,3-5年
北京,北京高阳金信信息技术有限公司,本科,高级软件测试工程师,招5人,1.5万-2万,3-5年
北京,天云融创数据科技(北京)有限公司,本科,AI咨询/售前工程师（偏文档）,招1人,2万-3万,1-3年
北京,北京正安维视科技股份有限公司,硕士,计算机视觉软件工程师,招3人,1.5万-2.5万,经验不限
北京,北京艾迪信科技有限公司,学历不限,运维工程师,招3人,8千-1.5万,经验不限
北京,北京泰立鑫科技有限公司,学历不限,Linux 研发工程师,招1人,1.8万-2.5万,3-5年
北京,北京安软信息科技有限公司,大专,运维工程师,招2人,8千-1万,1-3年
北京,北京观悦互动科技有限公司,大专,运维工程师,招1人,4千-6千,1-3年
北京,百度在线网络技术(北京)有限公司,本科,区块链开发工程师,招1人,1.5万-3万,3-5年
北京,山东小海豚能源科技有限公司,硕士,大数据分析师,招3人,2万-4万,3-5年
北京,朗新科技股份有限公司,本科,云平台网络交付工程师,招1人,1万-1.5万,3-5年
北京,河南嵩云网络科技有限公司,本科,IOS开发工程师,招3人,1.5万-2.5万,3-5年
北京,北醒(北京)光子科技有限公司,本科,算法实习生（数学建模和数据算法方向）,招1人,3千-4.5千,经验不限
北京,中晟智信数据科技(北京)有限公司,本科,大数据平台技术经理,招1人,1万-1.8万,3-5年
北京,丹佛斯在华子公司,本科,高级嵌入式软件工程师-变频器产品,招1人,面议,5-10年
北京,国网电力科学研究院北京科东电力控制系统有限责任公司,本科,软件测试工程师,招5人,7千-9千,1-3年
北京,北京易华录信息技术股份有限公司,硕士,大数据开发工程师,招3人,8千-1.2万,经验不限
北京,众芯汉创(北京)科技有限公司,硕士,图像/视觉算法工程师,招1人,1万-1.5万,3-5年
北京,北京焱融科技有限公司,本科,高级解决方案开发工程师（资深SE/SE）,招3人,3万-5万,5-10年
北京,秦皇岛七星汇大数据科技有限公司,本科,机器学习算法工程师（人工智能）,招3人,1万-1.5万,3-5年
北京,西安同美信息科技有限公司,硕士,大数据架构师,招2人,3万-5万,5-10年
北京,深圳索信达数据技术有限公司,本科,金融大数据 中级ETL工程师,招1人,1.5万-2万,3-5年
北京,上海拓合软件系统有限公司,大专,运维工程师,招1人,1万-1.5万,3-5年
北京,中国船级社实业公司,本科,数据分析及网络软件开发,招2人,2万-3万,经验不限
北京,北京海思特医学检验实验室有限公司,本科,生信工程师,招1人,8千-1万,经验不限
北京,国投安信期货有限公司,本科,数据分析师,招1人,8千-1万,无经验
北京,北京中汽院科技有限公司,本科,无人车仿真测试平台开发工程师,招1人,1.5万-2万,1-3年
北京,北京视博云科技有限公司,本科,系统工程师,招1人,1.5万-1.6万,1-3年
北京,中航联创科技有限公司,本科,技术经理,招1人,1万-2万,1-3年
北京,北京人机意科技有限公司,本科,硬件研发工程师,招1人,1.5万-2万,3-5年
北京,北京吉野家快餐有限公司,本科,数据分析师,招1人,1万-1.5万,1-3年
北京,北京育铭天下科技有限公司,学历不限,php开发,招1人,1.2万-1.5万,1-3年
北京,北京圣特尔科技发展有限公司,本科,风控产品经理（数据方向）,招1人,1.5万-2.5万,经验不限
北京,北京天时前程自动化工程技术有限公司,本科,应用架构师,招1人,1.9万-2.5万,5-10年
北京,大连飞创信息技术有限公司北京分公司,本科,软件测试工程师（北京分公司）,招2人,1万-1.5万,3-5年
北京,北京畅捷通支付技术有限公司,本科,自动化运维工程师,招1人,1.3万-2.5万,5-10年
北京,北京钰峰科技有限公司,大专,C开发工程师,招1人,2万-3万,3-5年
北京,北京捷成世纪科技股份有限公司,本科,研发运维工程师,招1人,1万-1.5万,1-3年
北京,北京京创曙光科技有限公司,大专,bi实施工程师,招10人,8千-1万,1-3年
北京,百融金融信息服务股份有限公司,本科,java开发工程师,招1人,1.5万-2万,3-5年
北京,北京百分点信息科技有限公司,本科,高级抓取工程师(J10357),招1人,1.5万-2万,3-5年
北京,福建新大陆软件工程有限公司,本科,系统运维中级工程师,招5人,1万-2万,3-5年
北京,中科星图股份有限公司,本科,运维工程师,招1人,1万-1.5万,3-5年
北京,中诚信国际信用评级有限责任公司,硕士,00024-量化分析师,招1人,9千-1.5万,经验不限
北京,我爱我家集团,本科,IT互联网中心实习生,招10人,2千-4千,无经验
北京,广联达科技股份有限公司,本科,Java高级开发工程师(006018),招1人,1.6万-2.8万,5-10年
北京,易宝支付有限公司,本科,高级ETL工程师,招1人,1.2万-2万,3-5年
北京,爱康国宾集团,本科,资深测试经理,招1人,2万-3万,5-10年
北京,我爱我家集团,本科,大数据开发工程师,招3人,1.5万-3万,5-10年
北京,北京升鑫网络科技有限公司,硕士,机器算法实习生,招1人,2千-4千,无经验
北京,北京世纪互联宽带数据中心有限公司,本科,Azure CIE 高级软件工程师,招2人,1万-2万,3-5年
北京,外语教学与研究出版社,本科,前端工程师,招1人,1.8万-2.7万,3-5年
北京,征和开元控股集团有限公司,本科,高级技术架构师（数据仓库、数据分析方向）,招1人,2.5万-3.5万,5-10年
北京,东华软件股份公司,学历不限,数据抓取工程师,招1人,面议,1-3年
北京,新华网股份有限公司,硕士,计算机视觉算法研究员,招1人,2.2万-2.9万,经验不限
北京,宜信,本科,数据分析经理,招2人,2万-3万,3-5年
北京,东华软件股份公司,本科,大数据产品经理（5名）,招5人,面议,5-10年
北京,东华软件股份公司,本科,算法工程师（高级）,招3人,面议,5-10年
北京,东华软件股份公司,大专,大数据产品经理（5名）,招5人,面议,5-10年
北京,东华软件股份公司,本科,高级Java工程师,招3人,面议,5-10年
北京,东华软件股份公司,本科,数据抓取工程师,招1人,面议,1-3年
北京,东华软件股份公司,大专,移动端App开发工程师,招3人,面议,1-3年
北京,北京人民在线网络有限公司,本科,逆向分析工程师,招1人,1.5万-2.5万,3-5年
北京,中国软件与技术服务股份有限公司,本科,中级Java开发工程师,招2人,1万-2万,3-5年
北京,中国软件与技术服务股份有限公司,本科,中高级运维工程师,招3人,8千-1.6万,3-5年
北京,东华软件股份公司,学历不限,JAVA开发工程师,招1人,面议,5-10年
北京,东华软件股份公司,本科,大数据开发工程师,招1人,面议,1-3年
北京,中国软件与技术服务股份有限公司,本科,高级运维工程师,招2人,1万-1.5万,5-10年
北京,新时代证券股份有限公司,本科,运维工程师,招2人,1.5万-2万,1-3年
北京,北京易盟天地信息技术有限公司,本科,业务大数据总监,招1人,2万-3万,5-10年
北京,东华软件股份公司,本科,Java开发工程师（北京）,招1人,面议,3-5年
北京,北京自如生活资产管理有限公司,本科,客服运营数据分析主管,招1人,1万-1.5万,3-5年
北京,亚信科技(中国)有限公司,学历不限,数据开发,招5人,1万-2万,1-3年
北京,北京万里红科技股份有限公司,本科,Linux 研发工程师（C/C++）,招10人,1.5万-2万,3-5年
北京,北京测试空间信息技术有限公司,本科,系统运维工程师,招1人,6千-8千,1-3年
北京,易宝支付有限公司,本科,风险策略分析师（数据分析方向）,招1人,1.2万-2万,3-5年
北京,北京测试空间信息技术有限公司,大专,测试工程师,招1人,8千-1万,1-3年
北京,北京安信天行科技有限公司,本科,运维实施工程师--应用安全产品部,招1人,6千-1万,1-3年
北京,朗新科技股份有限公司,本科,云平台交付工程师,招1人,1万-1.5万,3-5年
北京,深圳市腾讯计算机系统有限公司,学历不限,22090-天天快报-高级研发工程师（北京）,招1人,面议,无经验
北京,易宝支付有限公司,本科,风险策略分析师（风险模型方向）,招1人,1.2万-2万,3-5年
北京,新时代证券股份有限公司,硕士,量化投资经理,招1人,8千-1.6万,无经验
北京,深圳市拓保软件有限公司,本科,网络研发工程师,招1人,1.5万-2万,3-5年
北京,深圳市拓保软件有限公司,本科,Openstack运维工程师,招1人,1万-1.5万,1-3年
北京,我爱我家集团,本科,数据仓库工程师,招3人,1万-1.5万,1-3年
北京,易宝支付有限公司,本科,DBA工程师（技术中心）,招1人,1.5万-2万,3-5年
北京,深圳市拓保软件有限公司,本科,OpenStack存储研发工程师,招1人,1万-1.5万,1-3年
北京,北京阿博泰克北大青鸟信息技术有限公司,本科,高校讲师,招2人,1.5万-2万,3-5年
北京,北京国鼎源创智能科技有限公司,本科,react前端工程师,招1人,2万-3万,3-5年
北京,上海睿民互联网科技有限公司,本科,JAVA高级工程师,招2人,1.4万-2.3万,5-10年
北京,北京凯亚管理咨询有限公司,本科,音响端初级测试工程师,招1人,6千-8千,1-3年
北京,树根互联技术有限公司,硕士,知识图谱经理,招1人,3万-5万,5-10年
北京,北京升鑫网络科技有限公司,本科,专业服务工程师,招1人,1.5万-2万,3-5年
北京,树根互联技术有限公司,本科,大数据技术经理（北京）,招1人,3万-5万,10年以上
北京,新时代证券股份有限公司,硕士,量化投资经理(期货研究方向),招1人,1.3万-2.6万,3-5年
北京,北京世纪互联宽带数据中心有限公司,本科,JAVA开发工程师,招4人,1.2万-1.8万,1-3年
北京,马上消费金融股份有限公司,本科,语音识别算法工程师,招1人,2万-3万,3-5年
北京,亚联创新科技有限责任公司,本科,DevOps工程师(J10505),招999人,2.5万-3.5万,5-10年
北京,亚信科技(中国)有限公司,大专,大数据运维工程师,招1人,9千-1.8万,3-5年
北京,亚信科技(中国)有限公司,本科,大数据运维工程师(10月),招1人,1万-1.9万,3-5年
北京,我爱我家集团,本科,大数据高级工程师,招2人,1.5万-3万,5-10年
北京,中科星图股份有限公司,本科,Devops工程师,招1人,1万-1.5万,3-5年
北京,广州嘉为科技有限公司,本科,运维开发工程师,招2人,1万-2万,1-3年
北京,中科星图股份有限公司,本科,测试工程师,招1人,1万-1.5万,3-5年
北京,马上消费金融股份有限公司,本科,自然语言算法工程师（NLP）,招1人,1.5万-3万,3-5年
北京,北京万里红科技股份有限公司,本科,软件开发工程师(Linux方向),招5人,8千-1.5万,1-3年
北京,新华网股份有限公司,硕士,深度学习算法研究员,招1人,2.2万-2.9万,经验不限
北京,东方网力科技股份有限公司,本科,软件测试工程师(001555),招2人,1万-2万,3-5年
北京,征和开元控股集团有限公司,本科,数据挖掘工程师（爬虫工程师）,招3人,2万-3万,3-5年
北京,纬创软件 (北京),本科,自动化测试工程师,招2人,1.3万-1.8万,3-5年
北京,泰康在线财产保险股份有限公司,本科,大数据建模工程师,招1人,2万-3万,3-5年
北京,北京爸爸的选择科技有限公司,本科,初级后端开发工程师,招3人,1万-2万,1-3年
北京,北京爸爸的选择科技有限公司,本科,it技术总监,招1人,2万-4万,5-10年
北京,征和开元控股集团有限公司,本科,算法工程师-信息管理中心,招2人,2万-3万,3-5年
北京,广州嘉为科技有限公司,本科,前端开发工程师（北京）,招1人,1.5万-2.5万,3-5年
北京,北京爸爸的选择科技有限公司,本科,资深后端开发工程师,招3人,1.3万-2.5万,3-5年
北京,北京中视广信科技有限公司,硕士,数据挖掘算法工程师,招1人,9千-1.1万,经验不限
北京,阳光保险集团股份有限公司,本科,语音系统运维工程师,招1人,面议,经验不限
北京,泰康在线财产保险股份有限公司,本科,数据建模工程师（2019年应届生）,招1人,1万-1.5万,无经验
北京,广州嘉为科技有限公司,本科,储备工程师（IT行业）,招2人,6千-8千,经验不限
北京,北京易华录信息技术股份有限公司,本科,高级安全工程师,招2人,1.5万-2万,5-10年
北京,广联达科技股份有限公司,本科,Java高级开发工程师(005430),招1人,2.5万-4.6万,5-10年
北京,北京康信知识产权代理有限责任公司,本科,前端工程师,招1人,1万-1.5万,3-5年
北京,北京万里红科技股份有限公司,本科,qt开发工程师,招5人,1万-1.5万,1-3年
北京,中科星图股份有限公司,硕士,人工智能开发工程师,招1人,1.8万-2.3万,1-3年
北京,泰康保险集团股份有限公司,本科,运维开发工程师-规划管理部,招1人,1.5万-3万,3-5年
北京,易宝支付有限公司,本科,高级容器运维工程师,招1人,2万-3万,5-10年
北京,北京简单科技有限公司,硕士,初级数据挖掘工程师,招1人,1万-2万,1-3年
北京,东方网力科技股份有限公司,本科,高级测试工程师,招2人,1万-1.5万,3-5年
北京,苏州步长电子科技有限公司,本科,容器云架构师,招2人,1.8万-3.6万,3-5年
北京,北京东方国信科技股份有限公司,本科,高级运维开发工程师（YJS1lzp）,招5人,9千-1.8万,5-10年
北京,北京东方国信科技股份有限公司,本科,大数据整合开发工程师（CS1whl）,招12人,8千-1.5万,1-3年
北京,北京启明星辰信息安全技术有限公司,本科,高级运维工程师,招1人,1.5万-2万,经验不限
北京,北京人民在线网络有限公司,本科,网络爬虫研发工程师,招1人,1万-1.5万,3-5年
北京,佳能医疗系统(中国)有限公司,硕士,图像算法工程师,招2人,1.5万-2万,经验不限
北京,北京中科特瑞科技有限公司,学历不限,研发工程师-大数据方向,招2人,1万-1.5万,经验不限
北京,中科软科技股份有限公司,大专,运维工程师（轮班）,招1人,7千-1.2万,3-5年
北京,亚信科技(中国)有限公司,本科,数据分析师（11月）,招1人,1.5万-2万,3-5年
北京,北京源晨动力技术服务有限公司,大专,openstack运维工程师,招1人,1.3万-1.8万,1-3年
北京,分享通信集团有限公司,本科,Java高级工程师,招1人,面议,3-5年
北京,天津市国瑞数码安全系统股份有限公司北京办事处,本科,漏洞挖掘工程师,招1人,1万-2万,3-5年
北京,国心高科(北京)软件系统有限公司,本科,Linux桌面系统研发工程师,招15人,2万-3万,3-5年
北京,北京天航信民航通信网络发展有限公司,本科,大数据开发工程师,招3人,1万-2万,1-3年
北京,东华软件股份公司,本科,运维实施工程师,招1人,面议,1-3年
北京,中国广视索福瑞媒介研究有限责任公司,本科,数据运维工程师,招1人,8千-1万,经验不限
北京,天津市国瑞数码安全系统股份有限公司北京办事处,本科,高级Java工程师/开发/软件工程师,招15人,1.5万-3万,3-5年
北京,在线途游(北京)科技有限公司,本科,大数据开发工程师,招1人,1.3万-2.5万,1-3年
北京,任子行网络技术股份有限公司,本科,自动化测试工程师,招1人,8千-1.5万,3-5年
北京,任子行网络技术股份有限公司,本科,性能测试工程师,招1人,8千-1.5万,3-5年
北京,中科三清科技有限公司,硕士,研发工程师（偏模型）,招5人,1.1万-1.8万,1-3年
北京,海联金汇(北京)金融科技有限公司,本科,AI平台开发工程师（系统框架方向）,招1人,2万-3万,3-5年
北京,海联金汇(北京)金融科技有限公司,本科,AI平台开发工程师（分析方向）,招1人,1.5万-2.5万,3-5年
北京,上普博源(北京)生物科技有限公司,本科,软件工程师,招3人,8千-1.5万,1-3年
北京,和信丰泽投资担保(北京)有限公司,本科,自动化测试,招1人,1.5万-2万,5-10年
北京,天宇正清科技有限公司,本科,自动化测试工程师,招2人,1.5万-2万,5-10年
北京,海联金汇(北京)金融科技有限公司,本科,AI平台开发工程师（ETL方向）,招1人,1万-1.5万,1-3年
北京,北京思迪康泰科技有限公司,本科,Java脚本工程师（应届生）,招1人,4千-6千,无经验
北京,中金智汇科技有限责任公司,本科,初级Java工程师,招1人,6千-8千,3-5年
北京,中福彩科技发展(北京)有限公司,大专,业务系统操作员,招1人,6千-8千,3-5年
北京,国心高科(北京)软件系统有限公司,本科,Linux研发工程师,招15人,1.5万-2.5万,3-5年
北京,北京太比雅科技股份有限公司,本科,WEBGIS 研发工程师,招3人,1万-1.8万,3-5年
北京,天宇正清科技有限公司,大专,前端开发工程师,招1人,1万-1.5万,3-5年
北京,东方微银科技(北京)有限公司深圳分公司,本科,测试工程师,招3人,7千-1.4万,3-5年
北京,北京途牛天下信息技术有限公司,本科,高级软件测试工程师,招1人,8千-1.5万,1-3年
北京,北京天航信民航通信网络发展有限公司,本科,大数据开发实习生,招2人,2千-4千,经验不限
北京,清华大学微电子学研究所,本科,软件测试开发工程师,招5人,7千-1.4万,经验不限
北京,中科三清科技有限公司,本科,系统工程师,招6人,1.2万-2万,1-3年
北京,北京迪拓能源技术有限公司,本科,大数据架构师/项目经理,招1人,1.5万-2万,1-3年
北京,华科物联有限公司,本科,大数据运维工程师,招1人,1.2万-1.8万,3-5年
北京,北京星卡文化有限公司,本科,高级特效师,招1人,2万-3万,5-10年
北京,北京足坛之星投资有限公司,硕士,计算机视觉算法工程师,招1人,2万-3万,1-3年
北京,北京迪拓能源技术有限公司,本科,大数据架构师,招1人,1.5万-2万,3-5年
北京,东软医疗系统有限公司,硕士,算法工程师（直线加速器）,招1人,1.8万-2.5万,1-3年
北京,神州数码（中国）有限公司,本科,JAVA 开发实习生(2020年毕业),招1人,4千-6千,无经验
北京,北京神州泰岳软件股份有限公司,本科,JAVA工程师-研发中心-配置管理产品部,招1人,1.2万-1.8万,3-5年
北京,溢迈克斯(北京)商务咨询有限公司,本科,DBA工程师,招1人,1.5万-2.5万,3-5年
北京,亚马逊中国,本科,Business Intelligence Engineer,招1人,面议,5-10年
北京,北京友通上昊科技有限公司,硕士,图像算法工程师,招2人,1.3万-2.5万,经验不限
北京,慧科教育科技集团有限公司,本科,高级数据分析讲师,招1人,1.2万-2.4万,3-5年
北京,北京大数医达科技有限公司,本科,后端开发工程师（Go/Golang）,招2人,2.5万-3.5万,3-5年
北京,北京神州泰岳软件股份有限公司,本科,Java工程师-信息技术-产品研发部,招1人,1万-1.5万,3-5年
北京,二六三网络通信股份有限公司,本科,软件测试工程师,招2人,1万-1.5万,3-5年
北京,北京神州泰岳软件股份有限公司,本科,C++工程师-信息安全,招1人,1万-2万,1-3年
北京,北京雍禾医疗投资管理有限公司,本科,数据分析师,招1人,1万-1.2万,1-3年
北京,中科软科技股份有限公司,本科,应用运维岗,招10人,6千-1.2万,经验不限
北京,北京神州飞腾信息科技有限公司,本科,前端开发工程师,招1人,1万-1.5万,3-5年
北京,北京人民在线网络有限公司,本科,hadoop工程师,招1人,1万-1.5万,3-5年
北京,北京捷通华声科技股份有限公司,本科,高级C++开发工程师(能力平台),招5人,1.5万-3万,3-5年
北京,B馨科技有限公司,本科,少儿编程教育老师,招2人,8千-1万,1-3年
北京,东华软件股份公司,本科,Hadoop外包工程师,招3人,面议,经验不限
北京,同方知网（北京）技术有限公司,硕士,算法工程师,招999人,1.2万-2万,经验不限
北京,新华网股份有限公司,本科,产品运营――软件开发工程师,招1人,1.2万-2万,经验不限
北京,新晨科技股份有限公司,大专,运维工程师,招1人,8千-1万,1-3年
北京,佳能医疗系统(中国)有限公司,硕士,高级算法工程师/研究员,招2人,2万-3万,经验不限
北京,B馨科技有限公司,本科,少儿编程教研老师,招3人,1万-1.5万,1-3年
北京,北京东方国信科技股份有限公司,本科,数据分析挖掘工程师（CS1zyl）,招5人,8千-1.6万,1-3年
北京,火星人视野(北京)教育科技有限公司,本科,少儿编程课程设计,招2人,8千-1.2万,经验不限
北京,北京快乐沃克科技有限公司,大专,Seniior Application Specialist,招10人,1.5万-2万,3-5年
北京,佳能医疗系统(中国)有限公司,硕士,深度学习实习生,招3人,4千-6千,无经验
北京,北京启明星辰信息安全技术有限公司,本科,Openstack工程师,招1人,1.5万-2.5万,5-10年
北京,北京捷通华声科技股份有限公司,本科,软件测试工程师,招3人,1万-2万,1-3年
北京,中国科学院遗传与发育生物学研究所,本科,生物信息学工程师,招1人,8千-1万,经验不限
北京,赛仕软件研究开发（北京）有限公司,硕士,测试实习生,招2人,面议,经验不限
北京,数据堂(北京)科技股份有限公司,硕士,语音识别算法工程师,招1人,1.5万-2.5万,经验不限
北京,北京天港惠达科技有限公司,本科,zabbix工程师,招2人,5千-1万,1-3年
北京,京东云,本科,研发工程师/架构师（云-大数据平台）,招1人,3万-5万,5-10年
北京,北京拓明科技有限公司,本科,高级JAVA研发工程师【带团队】,招1人,1.5万-2.2万,5-10年
北京,深圳天源迪科信息技术股份有限公司,本科,AI算法工程师（图像）,招2人,1万-2万,3-5年
北京,北京康斯特仪表科技股份有限公司,本科,软件工程师,招5人,1万-2万,经验不限
北京,北京易点淘网络技术有限公司,本科,高级测试开发工程师,招1人,2万-4万,5-10年
北京,北京正兴天宝自动化科技有限公司,大专,电气工程师,招3人,8千-1.2万,5-10年
北京,广联达科技股份有限公司,本科,java全栈工程师,招1人,3万-4.5万,5-10年
北京,亚信科技(中国)有限公司,本科,大数据分析挖掘工程师,招1人,1.5万-2.5万,3-5年
北京,中国教育在线,本科,高级测试工程师（高校产品组）,招1人,1万-2万,3-5年
北京,北京中天联科科技有限公司,硕士,医学图像算法leader,招1人,面议,3-5年
北京,东方微银科技(北京)有限公司深圳分公司,本科,配置管理员,招2人,8千-1万,3-5年
北京,北京万桥达观信息技术有限公司,本科,自动化测试（App）,招1人,1.5万-2万,3-5年
北京,北京万桥达观信息技术有限公司,本科,自动化测试工程师(CICD),招1人,2万-3万,5-10年
北京,北京壹元文化产业集团有限公司,本科,嵌入式软件工程师,招1人,1.5万-2万,3-5年
北京,中科三清科技有限公司,硕士,研发工程师（偏分析）,招3人,1.1万-1.8万,1-3年
北京,北京测试空间信息技术有限公司,本科,系统测试工程师,招6人,6千-8千,3-5年
北京,智慧互通科技有限公司,博士,数据挖掘科学家,招1人,3万-5万,5-10年
北京,智慧互通科技有限公司,本科,数据分析师,招1人,2万-3万,5-10年
北京,北京汇智翔宇科技有限公司,本科,ETL工程师,招10人,1万-1.5万,3-5年
北京,老司机,本科,广告产品经理,招1人,2万-3万,3-5年
北京,北京云杉世纪网络科技有限公司,学历不限,运维高级工程师（北京）,招3人,1.5万-2.5万,1-3年
北京,北京云杉世纪网络科技有限公司,本科,软件工程师 C 应用,招1人,1.5万-3万,1-3年
北京,中科三清科技有限公司,硕士,水环境工程师（中级）,招1人,1.1万-1.6万,1-3年
北京,北京贝斯平云科技有限公司,本科,售前云架构师 DCloud,招1人,2万-3万,5-10年
北京,北京神州飞腾信息科技有限公司,大专,运维工程师,招3人,1万-1.6万,3-5年
北京,北京晓通网络科技有限公司,本科,开发工程师,招1人,8千-1万,1-3年
北京,深圳市国电科技通信有限公司北京分公司,本科,系统开发工程师,招2人,1.5万-2万,经验不限
北京,北京森思博锐科技有限公司,本科,Web前端开发工程师,招2人,2万-3万,5-10年
北京,上海仕华商务信息咨询有限公司,本科,高级算法工程师,招5人,4.5万-8万,3-5年
北京,远特(北京)通信技术有限公司,本科,DBA,招1人,1.6万-2.2万,5-10年
北京,天津市国瑞数码安全系统股份有限公司北京办事处,本科,高级大数据研发工程师,招3人,2万-3万,5-10年
北京,北京娱信互动信息技术有限公司,本科,大数据分析工程师,招1人,1.5万-2万,5-10年
北京,北京华正明天信息技术股份有限公司,本科,大数据工程师-急招,招2人,1.5万-2.5万,3-5年
北京,北京乐创教育科技股份有限公司,本科,产品研发,招1人,8千-1.2万,1-3年
北京,神州锐达(北京)科技股份公司,本科,大数据开发工程师,招1人,1万-2万,1-3年
北京,北京海量数据技术股份有限公司,本科,运维监控,招1人,8千-1.2万,1-3年
北京,北京新东方学校,学历不限,数据分析师,招3人,1万-2万,1-3年
北京,北京海科融通支付服务股份有限公司,本科,测试工程师（性能）,招1人,1.5万-2万,3-5年
北京,北京欧瑞科斯科技有限公司,本科,linux驻厂工程师,招3人,1万-2万,1-3年
北京,北京凯声文化传媒有限责任公司,本科,算法工程师,招1人,3万-5万,3-5年
北京,北京畅捷通支付技术有限公司,本科,数据开发工程师,招1人,1.5万-3万,3-5年
北京,北京云杉世纪网络科技有限公司,本科,资深测试工程师,招1人,1.5万-3万,3-5年
北京,东方微银科技(北京)有限公司深圳分公司,本科,风控模型专家,招10人,1.5万-3万,经验不限
北京,阳光财产保险股份有限公司3,本科,应用运维专家,招1人,2万-4万,3-5年
北京,中科三清科技有限公司,博士,水环境工程师（高级）,招1人,1.5万-2万,1-3年
北京,北京教培师训网络科技股份有限公司,大专,系统工程师（集团企业）,招1人,7千-1万,1-3年
北京,数据堂(北京)科技股份有限公司,本科,数据爬取工程师,招1人,1.2万-2万,1-3年
北京,北京中兴正远科技有限公司,本科,软件测试工程师,招2人,4千-6千,1-3年
北京,中数经纬科技(北京)有限公司,本科,Hadoop中高级开发工程师,招1人,3万-5万,5-10年
北京,北京云杉世纪网络科技有限公司,本科,资深软件工程师 C 平台（北京）,招3人,1.5万-2.5万,3-5年
北京,万摩数字科技(北京)有限公司,本科,Golang高级开发工程师,招3人,1.8万-3万,3-5年
北京,北京红赢科技有限公司,本科,架构师（区块链）,招1人,3万-5万,5-10年
北京,任子行网络技术股份有限公司,本科,功能测试工程师,招1人,8千-1.5万,3-5年
北京,北京环球国广媒体科技有限公司,大专,高级系统运维工程师(J10469),招1人,1.5万-2万,3-5年
北京,聚龙股份有限公司,本科,软件测试工程师（花园桥）,招2人,8千-1.5万,3-5年
北京,去哪儿网平台事业部,本科,PostgreSQL DBA―平台事业部(J13179),招2人,2万-3.5万,3-5年
北京,中福彩科技发展(北京)有限公司,大专,运维工程师,招3人,8千-1万,1-3年
北京,聚龙股份有限公司,学历不限,软件工程师（西三环花园桥）,招1人,1万-1.5万,经验不限
北京,清华大学微电子学研究所,本科,云计算开发工程师,招5人,1.5万-2万,经验不限
北京,北京金色华勤数据服务有限公司,本科,高级java工程师,招1人,3万-5万,3-5年
北京,北京源清慧虹信息科技有限公司,本科,算法工程师,招1人,1.5万-3万,3-5年
北京,北京极客晨星科技发展有限公司,本科,资深后端工程师,招2人,1.5万-3万,5-10年
北京,北京天时前程自动化工程技术有限公司,本科,研发工程师,招6人,1万-1.2万,3-5年
北京,北京极客晨星科技发展有限公司,本科,后端工程师,招2人,1.5万-2万,3-5年
北京,北京有生志广科技有限公司,本科,大数据平台高级研发工程师,招3人,1万-2万,3-5年
北京,智慧互通科技有限公司,本科,高级测试,招1人,1.5万-2.5万,5-10年
北京,共友时代(北京)科技股份有限公司,本科,c++开发工程师,招1人,1万-1.5万,1-3年
北京,北京弈友围棋文化传播有限责任公司,大专,系统工程师,招1人,1.3万-1.5万,1-3年
北京,北京东方通科技股份有限公司,本科,测试经理,招1人,1.5万-2万,5-10年
北京,中国广视索福瑞媒介研究有限责任公司,本科,数据仓库工程师,招1人,6千-8千,经验不限
北京,北京尚博信科技有限公司,本科,数据分析师,招1人,1万-2万,3-5年
北京,东方微银科技(北京)有限公司深圳分公司,硕士,算法研究员,招5人,9千-1.5万,1-3年
北京,北京永鼎致远网络科技有限公司,大专,技术服务工程师,招1人,6千-8千,1-3年
北京,西安惠雷通信科技有限公司,本科,IC架构设计工程师,招10人,8千-1.3万,1-3年
北京,北京天舟通信有限公司,大专,通信运维工程师,招1人,8千-1万,1-3年
北京,北京元鼎时代科技股份有限公司,本科,助理项目经理,招1人,6千-8千,1-3年
北京,北京华道征信有限公司,本科,中级java开发工程师,招1人,8千-1.2万,3-5年
北京,北京诺道认知医学科技有限公司,硕士,知识图谱算法研究员,招1人,1万-1.5万,1-3年
北京,聚民惠贸易有限公司,本科,测试经理,招1人,1万-1.5万,3-5年
北京,中自控(北京)环境工程有限公司,学历不限,golang后端开发,招1人,6千-8千,1-3年
北京,中国科学院信息工程研究所,本科,前端研发工程师,招1人,8千-1.6万,1-3年
北京,江西省标正技术工程有限公司,大专,日本直招 对日（赴日）IT软件工程师,招10人,2万-3万,经验不限
北京,北京福安华生物科技有限公司,本科,NGS临检报告解读师,招2人,6千-8千,经验不限
北京,北京青蓝致远科技有限公司,大专,c++工程师（Linux）,招1人,1.2万-1.8万,3-5年
北京,聚达(北京)投资有限公司,本科,投资助理,招1人,6千-8千,1-3年
北京,北京恒信通诚科技有限公司,大专,java开发工程师,招1人,6千-8千,1-3年
北京,北京国信会视科技有限公司,本科,数据挖掘,招3人,1.5万-2万,1-3年
北京,民航数据通信有限公司,硕士,软件工程师,招1人,8千-1.6万,3-5年
北京,郑州千慧合科技有限公司,本科,后端开发工程师,招3人,3万-5万,5-10年
北京,中国金融电子化公司,本科,系统维护和设备管理员,招1人,6千-8千,1-3年
北京,北京翼耘科技有限公司,本科,遥感数据处理工程师,招2人,8千-1万,1-3年
北京,北京佰能盈天科技股份有限公司,本科,算法工程师,招10人,6千-1.2万,经验不限
北京,图谱天下(北京)科技有限公司,本科,开发工程师0327,招1人,8千-1万,经验不限
北京,华夏芯(北京)通用处理器技术有限公司,本科,CPU验证工程师,招2人,1.8万-3.5万,1-3年
北京,北京预立创投生物医学科技有限公司,博士,生物信息学研究员,招3人,2万-3万,经验不限
北京,清华大学,硕士,网络安全工程师,招2人,1.5万-3万,1-3年
北京,国网电力科学研究院北京科东电力控制系统有限责任公司,本科,linux C/C++软件研发工程师,招1人,7千-1.4万,1-3年
北京,中科金审(北京)科技有限公司,本科,业务运维工程师,招1人,8千-1万,1-3年
北京,北京云杉世纪网络科技有限公司,本科,高级软件工程师 C 应用（北京）,招3人,1.5万-2.5万,3-5年
北京,北京数集科技有限公司,本科,大数据工程师,招1人,2万-3万,3-5年
北京,北京嘉楠捷思信息技术有限公司,学历不限,资深芯片验证工程师,招1人,2.5万-4万,5-10年
北京,北京恩玖非营利组织发展研究中心,本科,数据分析高级主管,招3人,7千-9千,3-5年
北京,北京开卷信息技术有限公司,本科,数据挖掘（有独立项目经验）,招2人,1.5万-2万,1-3年
北京,北京网络职业学院,大专,02 机器学习/人工智能讲师,招1人,1.8万-2.5万,5-10年
北京,中福彩科技发展(北京)有限公司,本科,高级业务系统工程师,招1人,1.5万-2.5万,5-10年
北京,北京杰思安全科技有限公司,本科,c/c++开发工程师,招1人,1.5万-3万,3-5年
北京,中国金融电子化公司,本科,大数据研究员,招1人,8千-1万,3-5年
北京,北京网信元科技有限公司,本科,定制开发工程师,招2人,6千-8千,1-3年
北京,老司机,本科,知识图谱,招1人,1.5万-2万,1-3年
北京,图谱天下(北京)科技有限公司,硕士,运维工程师0327,招1人,8千-1万,3-5年
北京,南京亚信网络科技有限公司,本科,亚信安全_C++软件工程师,招1人,8千-1.6万,1-3年
北京,北京凯恩帝数控技术有限责任公司,硕士,嵌入式软件工程师,招5人,2万-2.5万,1-3年
北京,优客逸家(成都)信息科技有限公司,本科,SEO/SEM,招1人,1万-1.5万,3-5年
北京,北京中科东韧科技有限责任公司,硕士,声学算法工程师,招1人,1万-1.5万,经验不限
北京,中福彩科技发展(北京)有限公司,本科,测试工程师,招1人,1.2万-1.8万,3-5年
北京,是德科技(中国)有限公司,本科,研发工程师,招1人,2万-3万,经验不限
北京,北京龙盾数据有限公司,本科,数据分析师（产品方向）,招1人,1.5万-2.5万,5-10年
北京,北京杰思安全科技有限公司,本科,C/C++开发工程师（Windows系统）,招1人,1.5万-3万,3-5年
北京,北京嘉楠捷思信息技术有限公司,本科,芯片验证工程师,招1人,1.5万-3万,3-5年
北京,欧蒙医学诊断(中国)有限公司,硕士,生物信息技术工程师 Bioinformatics Engineer,招1人,8千-1万,3-5年
北京,中铁信安(北京)信息安全技术有限公司,本科,嵌入式工程师--Y6,招1人,8千-1.5万,1-3年
北京,深圳市天集彩科技有限公司,本科,IT运维工程师 (北京）,招1人,1万-2万,3-5年
北京,北京杰思安全科技有限公司,本科,驱动开发工程师,招2人,1.5万-3万,5-10年
北京,东方微银科技(北京)有限公司深圳分公司,本科,模型经理,招5人,1.5万-3万,5-10年
北京,北京辰森世纪科技股份有限公司,本科,DBA工程师,招1人,1.5万-2.8万,5-10年
北京,北京万桥达观信息技术有限公司,本科,QA实习生,招1人,4千-6千,无经验
北京,北京蛙鸣华清环保科技有限公司,硕士,高级模型算法分析师,招1人,2万-3万,1-3年
北京,是德科技(中国)有限公司,硕士,系统软件架构师,招1人,1.5万-3万,5-10年
北京,北京运车网网络科技有限公司,本科,DBA,招1人,2万-2.5万,3-5年
北京,福建龙净环保股份有限公司,本科,中高级AI工程师,招1人,1.5万-2.5万,1-3年
北京,北京畅捷通支付技术有限公司,本科,数据库运维工程师,招1人,2万-3万,5-10年
北京,北京华油信通科技有限公司,大专,运维工程师,招2人,5千-8千,1-3年
北京,东方微银科技(北京)有限公司深圳分公司,本科,模型分析师（大数据方向）,招2人,1万-2万,1-3年
北京,北京优航机电技术有限公司,本科,高级软件工程师（亦庄）,招1人,2万-3.5万,5-10年
北京,北京云杉世纪网络科技有限公司,学历不限,运维工程师（北京）,招3人,1万-2万,1-3年
北京,北京理工新源信息科技有限公司,硕士,算法工程师,招2人,1.5万-2万,5-10年
北京,北京贝瑞和康生物技术有限公司,本科,生物信息工程师（大数据方向）,招1人,8千-1万,1-3年
北京,老司机,本科,计算机视觉,招1人,1.5万-2万,1-3年
北京,北京中科东韧科技有限责任公司,硕士,声学算法高级工程师,招1人,2万-3万,经验不限
北京,南京亚信网络科技有限公司,本科,高级C++开发工程师-网络安全,招2人,1.6万-2.5万,3-5年
北京,北京壹元文化产业集团有限公司,本科,软件测试主管,招1人,1.5万-2.5万,5-10年
北京,德华智造(北京)科技有限公司,本科,软件开发工程师,招2人,1.5万-2万,1-3年
北京,北京云杉世纪网络科技有限公司,学历不限,软件工程师 C 平台（北京）,招3人,1.5万-2.5万,1-3年
北京,乐友国际商业集团有限公司,本科,高级运维工程师,招1人,1.5万-2万,3-5年
北京,北京华正明天信息技术股份有限公司,大专,软件测试工程师,招3人,1万-1.5万,3-5年
北京,北京正兴天宝自动化科技有限公司,大专,助理电气工程师,招3人,4千-6千,经验不限
北京,广东旭诚科技有限公司,本科,空气质量数据分析师（北京）,招5人,8千-1.4万,经验不限
北京,北京嘉楠捷思信息技术有限公司,本科,资深声学前端算法工程师,招1人,3万-5万,3-5年
北京,北京东方通科技股份有限公司,本科,高级测试工程师,招1人,1.5万-2万,5-10年
北京,北京云杉世纪网络科技有限公司,本科,软件工程师 C 应用（北京）,招3人,1.5万-2.5万,1-3年
北京,北京海思瑞格科技有限公司,硕士,算法工程师（深度学习方向）,招1人,1.3万-2.5万,经验不限
北京,网帅科技(北京)有限公司,本科,数据分析经理,招1人,2.5万-3.5万,3-5年
北京,北京海思瑞格科技有限公司,硕士,算法工程师（信号处理方向）,招1人,1.3万-2.5万,经验不限
北京,北京嘉楠捷思信息技术有限公司,本科,资深语音算法工程师,招1人,3万-5万,3-5年
北京,北京泰格斯信息技术有限公司,本科,java开发工程师,招1人,1.2万-2万,3-5年
北京,任子行网络技术股份有限公司,硕士,图像算法高级工程师,招1人,2万-3万,1-3年
北京,北京惠泽智信科技有限公司,本科,数据挖掘工程师,招1人,1万-2万,3-5年
北京,天津市国瑞数码安全系统股份有限公司北京办事处,本科,DBA数据库工程师,招2人,6千-1.2万,经验不限
北京,北京欧冠迈迪国际咨询有限公司,本科,sem竞价优化推广/seo搜索引擎网络优化,招1人,8千-1.2万,3-5年
北京,云丁网络技术(北京)有限公司,本科,云服务测试负责人,招1人,1.5万-3万,5-10年
北京,云丁网络技术(北京)有限公司,本科,云服务研发工程师（SaaS）,招1人,1万-1.5万,1-3年
北京,北京米聚时代科技有限公司,本科,测试工程师,招2人,1万-1.2万,3-5年
北京,北京悠杨科技有限公司,本科,游戏 服务器 数据库 程序 开发 unity,招1人,1万-1.5万,1-3年
北京,中科信息安全共性技术国家工程研究中心有限公司,本科,云计算与虚拟化安全研发,招1人,4千-6千,无经验
北京,云丁网络技术(北京)有限公司,本科,云服务研发工程师,招1人,1万-2万,3-5年
北京,无锡数信互融科技发展有限公司北京办事处,硕士,数据建模师,招12人,2万-3万,3-5年
北京,云丁网络技术(北京)有限公司,本科,云服务测试工程师（中级）,招1人,1.5万-2万,5-10年
北京,无锡数信互融科技发展有限公司北京办事处,硕士,数据分析实习生,招10人,4千-6千,经验不限
北京,北京微星优财网络科技有限公司,硕士,量化研究员实习生,招1人,4千-6千,无经验
北京,教育部学校规划建设发展中心,本科,数据分析研究员,招2人,1万-1.5万,经验不限
北京,特斯拉(Tesla),本科,Backend Software Engineer/Support,招1人,2.5万-3万,3-5年
北京,北京宜搜天下科技有限公司,大专,配置管理工程师,招1人,1.5万-2.5万,3-5年
北京,北京鹏龙天创物资贸易有限公司,本科,软件工程师,招1人,1万-1.5万,1-3年
北京,微诺时代(北京)科技股份有限公司,本科,项目经理,招1人,1.5万-2.5万,3-5年
北京,无锡数信互融科技发展有限公司北京办事处,硕士,数据分析实习生（数学、统计专业）,招5人,4千-6千,无经验
北京,特斯拉(Tesla),本科,Web Engineer ,招1人,2.5万-3万,3-5年
北京,艾睦奇企业管理咨询(上海)有限公司,博士,机器学习算法研究员,招1人,2万-3万,经验不限
北京,微诺时代(北京)科技股份有限公司,本科,网络工程师,招1人,1.5万-3万,5-10年
北京,空中传译(北京)科技有限公司,本科,运维工程师,招1人,1万-1.5万,1-3年
北京,北京融嘉合创科技有限公司,本科,java技术经理,招5人,1.8万-3万,5-10年
北京,北京易迈医疗科技有限公司,本科,软件工程师,招1人,2万-2.5万,3-5年
北京,北京海天起点技术服务股份有限公司,大专,系统集成工程师,招2人,1万-1.5万,3-5年
北京,北京安百胜生物科技有限公司,硕士,生物信息分析工程师,招1人,7千-1.2万,经验不限
北京,北京梦天门科技股份有限公司,本科,高级架构师（技术专家）,招1人,2.5万-3万,5-10年
北京,云丁网络技术(北京)有限公司,本科,高级运维工程师,招1人,1.5万-2.5万,3-5年
北京,北京团聚力科技有限公司,本科,java开发工程师（架构师）,招1人,1.5万-3万,5-10年
北京,微诺时代(北京)科技股份有限公司,硕士,数据分析师实习生,招2人,4千-6千,经验不限
北京,艾睦奇企业管理咨询(上海)有限公司,硕士,机器视觉（图像处理）,招1人,2.5万-4万,经验不限
北京,量子数聚(北京)科技有限公司,本科,数据分析师,招1人,6千-1.2万,1-3年
北京,北京智明创发软件有限公司,本科,软件开发（实习后转正）,招20人,4千-4.5千,经验不限
北京,北京灵犀睿控科技有限公司,学历不限,测试工程师（外派汽车之家）,招1人,1万-1.5万,3-5年
北京,阳光凯讯(北京)科技有限公司,硕士,资深测试工程师,招1人,1.5万-2万,3-5年
北京,微诺时代(北京)科技股份有限公司,本科,数据分析师,招1人,1.5万-2万,经验不限
北京,微诺时代(北京)科技股份有限公司,大专,DBA,招1人,1.2万-2万,3-5年
北京,上海蓬景数字营销策划有限公司北京分公司,硕士,数据科学家,招1人,3万-5万,5-10年
北京,北京融嘉合创科技有限公司,本科,java高级开发工程师,招3人,1.8万-3万,5-10年
北京,武汉昱然智能科技有限公司,本科,深度学习（OCR方向）,招5人,1.5万-2.8万,3-5年
北京,北京六合联创科技有限公司,本科,软件开发工程师,招1人,1.2万-2万,经验不限
北京,北京质心教育科技有限公司,本科, linux c++工程师,招1人,1.5万-2.5万,3-5年
北京,北京翼耘科技有限公司,本科,遥感数据处理实习生,招3人,2千-4千,经验不限
北京,奥成佳和(北京)软件开发有限公司,本科,运维工程师,招1人,6千-8千,1-3年
北京,北京金信网银金融信息服务有限公司,本科,数据采集工程师（网络爬虫）,招2人,6千-1万,1-3年
北京,北京微橡科技有限公司,本科,大数据工程师,招1人,1.5万-2.5万,3-5年
北京,郑州大咖信息科技有限公司,本科,运维工程师,招10人,8千-1.5万,3-5年
北京,中能瑞通(北京)科技有限公司,本科,算法设计师,招3人,1万-2万,3-5年
北京,中国科学院大气物理研究所,硕士,研发工程师招聘公告,招1人,2万-3万,经验不限
北京,北京金石海纳文化传媒有限公司,本科,Linux运维工程师（银行）,招1人,1万-1.5万,3-5年
北京,北京华晟源医疗科技有限公司,本科,图像识别算法工程师,招1人,2万-3.5万,3-5年
北京,微诺时代(北京)科技股份有限公司,本科,PostgreSQL DBA工程师,招2人,1.2万-2万,1-3年
北京,北京创源微致软件有限公司,硕士,视觉算法工程师,招1人,1.5万-2万,1-3年
北京,微诺时代(北京)科技股份有限公司,本科,高级实施工程师（虚拟化）,招4人,1万-1.5万,1-3年
北京,清投智能(北京)科技有限公司,本科,硬件工程师(机器人研发方向),招1人,1万-1.5万,3-5年
北京,北京多宝树影视科技有限公司,大专,高级绑定师,招1人,1万-2万,1-3年
北京,华夏芯(北京)通用处理器技术有限公司,本科,IC验证工程师(CPU方向),招3人,2万-3万,1-3年
北京,北京敏捷艾科数据技术有限公司,本科,Power BI 数据分析师,招2人,6千-8千,无经验
北京,网帅科技(北京)有限公司,本科,测试经理,招1人,1.5万-2万,5-10年
北京,北京柏朗教育科技有限公司,本科,少儿编程信息学老师教练,招6人,8千-1.5万,1-3年
北京,北京铁道工程机电技术研究所股份有限公司,本科,图像算法工程师,招2人,1万-2万,1-3年
北京,英斯特哈博(北京)科技有限公司,大专,初级前端开发工程师,招1人,4千-6千,经验不限
北京,上海派拉软件股份有限公司,学历不限,大数据技术顾问,招1人,1.5万-3万,无经验
北京,中国金融电子化公司,本科,数据库开发工程师--201910,招2人,8千-1万,1-3年
北京,上海派拉软件股份有限公司,学历不限,大数据运维工程师,招1人,1.5万-2万,无经验
北京,北京珞安科技有限责任公司,本科,web前端工程师,招3人,1.5万-2万,3-5年
北京,北京链中科技有限公司,大专,区块链数据运营,招1人,1.5万-2万,1-3年
北京,北京国承万通信息科技有限公司,本科,测试工程师,招2人,6千-8千,1-3年
北京,阳光凯讯(北京)科技有限公司,本科,软件测试工程师,招2人,1万-1.5万,经验不限
北京,北京易网信科技发展有限公司,本科,高级运维开发工程师,招1人,1.5万-2万,3-5年
北京,北京天诚安信科技有限公司,学历不限,实施工程师,招1人,5千-1万,3-5年
北京,北京金信网银金融信息服务有限公司,本科,数据运营工程师/数据管理工程师,招2人,6千-1万,1-3年
北京,熊猫新能源有限公司,本科,嵌入式软件测试工程师,招1人,1万-1.5万,1-3年
北京,北京得意音通技术有限责任公司,本科,科研人员,招3人,6千-8千,经验不限
北京,武汉昱然智能科技有限公司,本科,图像处理工程师（OCR方向）,招2人,1.5万-2.6万,1-3年
北京,华夏芯(北京)通用处理器技术有限公司,硕士,IC验证工程师,招5人,6千-8千,经验不限
北京,中国科学院大气物理研究所,博士,博士后招聘公告,招1人,1万-1.5万,经验不限
北京,上海派拉软件股份有限公司,本科,Hadoop开发工程师-北京,招2人,1万-1.5万,1-3年
北京,上海派拉软件股份有限公司,学历不限,Hadoop开发工程师(北京）,招1人,1万-1.5万,经验不限
北京,北京维恩咨询有限公司,本科,创新爬虫数据采集,招1人,3万-6万,3-5年
北京,北京阳光海天停车管理有限公司第一分公司,本科,运营数据分析,招1人,8千-1万,5-10年
北京,盛唐科技(北京)有限公司,大专,系统运维工程师,招1人,6千-9千,1-3年
北京,新疆联海创智信息科技有限公司,本科,K8S容器开发工程师,招2人,2万-3万,3-5年
北京,北京得意音通技术有限责任公司,本科,软件开发工程师,招3人,6千-8千,1-3年
北京,北京医视界科技服务有限公司,本科,Java 工程师岗位,招1人,1万-2万,1-3年
北京,北京京声普探科技有限公司,本科,技术支持工程师,招4人,1万-1.8万,3-5年
北京,新疆联海创智信息科技有限公司,硕士,AI&大数据开发工程师,招2人,2万-3万,1-3年
北京,北京易航远智科技有限公司,硕士,自动驾驶决策规划算法工程师,招1人,2万-3万,1-3年
北京,清华大学微电子学研究所,本科,Linux图形化软件开发工程师,招1人,1.5万-2万,1-3年
北京,国科晋云技术有限公司,本科,高级测试工程师,招1人,2万-2.5万,3-5年
北京,新疆联海创智信息科技有限公司,硕士,图像算法工程师,招2人,2万-3万,1-3年
北京,中盛普惠(北京)信息咨询服务有限公司,大专,风控建模工程师,招1人,2万-3万,3-5年
北京,北京惠每科技有限公司,本科,资深java开发,招1人,2万-3万,5-10年
北京,新疆联海创智信息科技有限公司,硕士,自然语言处理工程师,招1人,2万-3万,1-3年
北京,新疆联海创智信息科技有限公司,硕士,语音处理工程师,招1人,2万-3万,1-3年
北京,空中网,本科,【关联公司】测试工程师(001281),招1人,1万-1.5万,1-3年
北京,北京世冠金洋科技发展有限公司,本科,持续集成工程师,招1人,1万-1.5万,1-3年
北京,北京世冠金洋科技发展有限公司,硕士,工程应用部经理,招1人,2万-3万,5-10年
北京,浙江华为通信技术有限公司,本科,人工智能（AI）工程师（工作地：杭州）,招5人,1.5万-2.5万,1-3年
北京,杭州培博科技有限公司,本科,DBA工程师,招1人,2万-3万,3-5年
北京,北京芯盾时代科技有限公司,本科,高级测试工程师,招1人,1.5万-2.5万,1-3年
北京,北京芯盾时代科技有限公司,本科,大数据开发工程师,招5人,1.5万-3万,3-5年
北京,世华万向资讯(北京)有限公司,本科,php工程师,招4人,1万-1.5万,3-5年
北京,北京芯盾时代科技有限公司,本科,反欺诈机器学习专家,招1人,2万-3.5万,5-10年
北京,上海新炬网络技术有限公司广州分公司,本科,运维工程师,招3人,6千-8千,1年以下
北京,上海新炬网络技术有限公司广州分公司,大专,中间件工程师,招1人,1.5万-2.5万,3-5年
北京,上海新炬网络技术有限公司广州分公司,大专,资深系统工程师,招1人,1.5万-2万,3-5年
北京,绿盟科技,本科,安全技术专家(J11644),招8人,1.5万-2万,5-10年
北京,上海新炬网络技术有限公司广州分公司,本科,高级网络工程师,招1人,1.5万-2万,3-5年
北京,绿盟科技,本科,安全服务工程师-北京J11683,招5人,1万-2万,3-5年
北京,绿盟科技,大专,驻场运维顾问-北京-安全服务部J11628,招8人,2万-3万,10年以上
北京,北京交广易贷投资管理有限公司,本科,后端研发工程师,招1人,1.5万-2万,1-3年
北京,广电银通金融电子科技有限公司,大专,驻场工程师,招50人,6千-8千,1-3年
北京,上海新炬网络技术有限公司广州分公司,大专,应用运维工程师,招1人,1.5万-2.5万,3-5年
北京,北京芯盾时代科技有限公司,本科,大数据风控数据分析师,招1人,1.5万-3万,3-5年
北京,深圳市八斗才数据有限公司,本科,Go工程师（北京）,招2人,1.5万-3万,3-5年
北京,国龙投资(北京)有限公司,本科,大数据工程师,招1人,1万-2万,5-10年
北京,深圳市八斗才数据有限公司,本科,Python开发工程师（北京）,招2人,1.5万-2.5万,1-3年
北京,北京智慧眼科技股份有限公司,硕士,计算机视觉算法研究员,招1人,2.5万-5万,3-5年
北京,北京摩尔龙信息服务有限公司,本科,JAVA后端研发工程师,招1人,1.5万-2万,1-3年
北京,北京智慧眼科技股份有限公司,硕士,智能监控算法工程师,招4人,2万-3万,3-5年
北京,北京智慧眼科技股份有限公司,硕士,智能监控算法高级工程师,招2人,2万-3万,经验不限
北京,北京智慧眼科技股份有限公司,硕士,深度学习算法工程师,招1人,2万-3万,1-3年
北京,北京智慧眼科技股份有限公司,硕士,人脸算法高级工程师,招1人,2万-3万,1-3年
北京,北京智慧眼科技股份有限公司,硕士,人脸算法工程师,招2人,2万-3万,1-3年
北京,北京智慧眼科技股份有限公司,硕士,深度学习算法高级工程师,招1人,2万-3万,经验不限
北京,北京智慧眼科技股份有限公司,学历不限,算法首席科学家,招1人,5万-10万,经验不限
北京,深圳市源极光科技有限公司,本科,大数据开发工程师 [北京],招1人,2万-3万,3-5年
北京,北京信驰投资顾问有限公司,硕士,计算机视觉算法工程师,招1人,2万-4万,1-3年
北京,信雅达系统工程股份有限公司,本科,版本管理员,招1人,7千-1.4万,1-3年
北京,北京中科建友科技股份有限公司,大专,运维工程师  lmx,招1人,7千-9千,1-3年
北京,北京岂凡智慧互动网络科技有限公司,本科,高级游戏测试开发工程师,招1人,1.5万-3万,3-5年
北京,五彩鹿(北京)教育咨询有限责任公司,大专,JAVA开发工程师,招1人,1万-1.5万,经验不限
北京,深圳市前海谷雨网络科技有限公司,大专,Python开发工程师（北京）,招2人,1万-2万,1-3年
北京,深圳市芒柠科技有限公司,本科,python开发工程师（北京）,招2人,1.2万-1.8万,1-3年
北京,深圳市源极光科技有限公司,大专,python开发工程师 [北京],招1人,1.5万-2万,3-5年
北京,北京智慧眼科技股份有限公司,硕士,车辆识别算法工程师,招1人,3万-5万,5-10年
北京,惠信易达征信服务(北京)有限公司,本科,测试工程师,招1人,7千-1.4万,1-3年
北京,北京首都在线科技股份有限公司,大专,Python开发工程师（五路居地铁+集团子公司,招10人,1.5万-2.5万,1-3年
北京,北京北大青鸟安全系统工程技术有限公司,本科,Java开发工程师,招3人,1.2万-1.6万,3-5年
北京,北京首都在线科技股份有限公司,大专,02存储系统开发架构师,招1人,2.5万-4万,5-10年
北京,北京首都在线科技股份有限公司,本科,测试经理,招1人,1.5万-2万,3-5年
北京,北京首都在线科技股份有限公司,本科,高级测试工程师,招1人,1.5万-2万,5-10年
北京,北京首都在线科技股份有限公司,大专,python后端开发工程师,招10人,2万-2.5万,5-10年
北京,北京首都在线科技股份有限公司,本科,中级测试,招1人,1.5万-2万,3-5年
北京,北京首都在线科技股份有限公司,大专,高级软件工程师（对象存储方向）,招6人,2万-3万,5-10年
北京,北京首都在线科技股份有限公司,本科,测试运维架构师 （上市子公司）,招1人,2.5万-4万,5-10年
北京,北京首都在线科技股份有限公司,大专,高级软件工程师（linux后端）,招6人,2万-3万,5-10年
北京,北京首都在线科技股份有限公司,大专,软件工程师（linux后端）,招6人,1万-2万,3-5年
北京,北京首都在线科技股份有限公司,大专,软件销售经理（五路居地铁站+集团子公司）,招10人,1万-1.5万,1-3年
北京,北京首都在线科技股份有限公司,本科,测试架构师,招1人,2.5万-4万,5-10年
北京,广州碧软信息科技有限公司,本科,ruby开发工程师,招8人,7千-1.4万,1-3年
北京,惠信易达征信服务(北京)有限公司,本科,技术经理,招1人,2万-3万,5-10年
北京,佰诺全景生物技术(北京)有限公司,硕士,数据分析专员,招1人,8千-1万,经验不限
北京,MoreVFX（墨影像制作）,学历不限,pipeline TD,招2人,1万-1.5万,1-3年
北京,深圳市阅影科技有限公司,硕士,流体工程师,招3人,2万-4万,3-5年
北京,北京时尚人家网络科技有限公司,本科,测试工程师,招1人,1.2万-1.7万,3-5年
北京,深圳市西尼尔人力资源服务有限公司,本科,推荐算法工程师,招2人,1.5万-2万,3-5年
北京,因诺(上海)资产管理有限公司,硕士,资深开发工程师,招2人,2万-3万,3-5年
北京,中税鼎信科技有限公司,本科,web前端开发工程师,招5人,1万-1.5万,3-5年
北京,云杉树资产管理(北京)有限公司,本科,Alpha多因子投资经理,招1人,1.5万-2万,1-3年
北京,云杉树资产管理(北京)有限公司,本科,股指期货基金经理,招1人,1.5万-2万,1-3年
北京,医协创智科技(北京)有限公司,本科,测试工程师,招1人,1万-2万,3-5年
北京,无锡数信互融科技发展有限公司北京办事处,硕士,数据分析师,招5人,2万-3万,3-5年
北京,深圳市源极光科技有限公司,大专,运维工程师（北京）,招1人,8千-1.5万,1-3年
北京,深圳市西尼尔人力资源服务有限公司,本科,推荐算法工程师,招2人,1.5万-2万,3-5年
北京,北京瑞腾中天科技有限公司,本科,嵌入式软件工程师,招2人,2万-2.5万,3-5年
北京,北京比邻弘科科技有限公司,本科,机器学习图像算法工程师,招2人,2万-4万,3-5年
北京,财新传媒有限公司,本科,运维工程师,招1人,1万-1.5万,3-5年
北京,北京三思网安科技有限公司,本科,网络信息安全工程师,招1人,5千-1万,1-3年
北京,中铁建电气化局集团科技有限公司,大专,大数据工程师,招10人,1万-1.5万,3-5年
北京,北京龙盾数据有限公司,本科,高级爬虫工程师,招1人,1万-2万,5-10年
北京,北京豪越伟业科技有限公司,本科,运维开发工程师,招1人,1.5万-2万,3-5年
北京,北京车音网科技有限公司,大专,接口测试工程师,招1人,1.5万-2.5万,3-5年
北京,北京嘉楠捷思信息技术有限公司,本科,资深图像算法工程师,招1人,3万-5万,3-5年
北京,华云信息技术工程有限公司,本科,高级气象服务产品研发工程师/软件工程师,招1人,1万-1.5万,3-5年
北京,中宜云控互联网科技股份有限公司,本科,it运维工程师,招1人,1万-1.5万,3-5年
北京,北京华正明天信息技术股份有限公司,本科,c++工程师,招1人,1.5万-2万,5-10年
北京,南京亚信网络科技有限公司,本科,高级大数据开发工程师-网络安全威胁情报,招3人,1.6万-2.5万,3-5年
北京,北京洛可可科技有限公司,本科,测试工程师,招2人,1.1万-2.2万,3-5年
北京,中国长城科技集团股份有限公司,本科,软件工程师（云计算、大数据）-应届生职位,招1人,5千-8千,无经验
北京,北京新奥特科技集团有限公司,硕士,体育记者,招1人,8千-1.5万,3-5年
北京,北京云杉世纪网络科技有限公司,本科,高级软件工程师 C 平台（北京）,招3人,1.5万-2.5万,3-5年
北京,东方微银科技(北京)有限公司深圳分公司,本科,java高级工程师,招3人,1万-2万,1-3年
北京,北京医帮管家科技有限公司,本科,bi数据分析,招1人,1.2万-1.5万,1-3年
北京,北京凯恩帝数控技术有限责任公司,本科,web后端软件开发师,招5人,1.5万-2万,1-3年
北京,中国电信股份有限公司北京研究院,硕士,AI研发工程师,招2人,1.5万-2万,经验不限
北京,北京四维智联科技有限公司,大专,软件测试工程师 - (技术研究中心）,招1人,8千-1万,3-5年
北京,北京汇商融通信息技术有限公司,本科,大数据研发经理/工程师,招5人,2万-4万,1-3年
北京,共友时代(北京)科技股份有限公司,本科,系统运维工程师,招1人,8千-1万,3-5年
北京,华夏芯(北京)通用处理器技术有限公司,本科,IT网络系统工程师,招1人,1万-1.5万,3-5年
北京,上海华夏邓白氏商业信息咨询有限公司,本科,Technical Customer Support Specialist,招1人,1万-1.5万,1-3年
北京,北京华正明天信息技术股份有限公司,本科,Java中级开发工程师（分布式）,招4人,1.5万-2万,3-5年
北京,北京凯恩帝数控技术有限责任公司,本科,web前端软件工程师,招5人,1.5万-2万,1-3年
北京,北京秦淮数据有限公司,本科,系统工程师,招1人,6千-8千,3-5年
北京,北京国信达数据技术有限公司哈尔滨分公司,本科,首席技术官,招1人,4.5万-7.5万,5-10年
北京,北京和众运输集团,本科,系统工程师,招1人,8千-1万,1-3年
北京,深圳瑞银信信息技术有限公司北京分公司,大专,BI工程师,招1人,8千-1.6万,经验不限
北京,上海华夏邓白氏商业信息咨询有限公司,本科,Technical Support Engineer,招1人,1万-1.5万,3-5年
北京,搜易贷(北京)金融信息服务有限公司,本科,大数据工程师,招1人,1.5万-3万,3-5年
北京,北京红赢科技有限公司,本科,java高级软件工程师,招1人,2.5万-5万,5-10年
北京,天津市国瑞数码安全系统股份有限公司北京办事处,本科,渗透测试工程师,招1人,7千-1.2万,3-5年
北京,华夏长城教育咨询有限公司,本科,大数据分析师,招1人,1.5万-2万,1-3年
北京,智慧互通科技有限公司,本科,高级测试工程师,招3人,1.5万-2.5万,5-10年
北京,北京天时前程自动化工程技术有限公司,本科,组态工程师,招6人,1万-1.2万,3-5年
北京,北京德拉科技有限公司,本科,高级编程课程老师,招3人,1.5万-2万,1-3年
北京,北京旷视科技有限公司,硕士,SLAM轨迹算法工程师,招1人,2万-4万,1-3年
北京,我爱我家集团,本科,高级数据仓库工程师,招2人,1.5万-3万,5-10年
北京,中科软科技股份有限公司,大专,应用运维工程师,招7人,7千-1.2万,3-5年
北京,中科软科技股份有限公司,本科,数据运维工程师,招9人,7千-1.2万,1-3年
北京,北京八维研修学院,大专,android实训项目经理,招3人,2万-3万,5-10年
